url,label
http://service-info-98687.net/authenticate?id=60,1
http://auth-info-6320.net/authenticate?id=2075,1
http://selciasylin.github.io/Netflix-clone,1
https://www.wikipedia.org/support,0
http://banking-info-41587.net/authenticate?id=1248,1
https://www.microsoft.com/home?session_id=487705,0
https://www.yahoo.com/settings,0
https://www.spotify.com/dashboard?session_id=956194,0
http://account-info-16647.net/authenticate?id=1989,1
http://auth-info-92806.net/authenticate?id=798,1
http://verify-info-74182.net/authenticate?id=769,1
https://www.ebay.com/profile,0
https://www.tumblr.com/profile,0
https://www.google.com/profile,0
http://auth-info-69329.net/authenticate?id=376,1
http://service-info-24096.net/authenticate?id=624,1
http://secure-info-98629.net/authenticate?id=1379,1
https://www.netflix.com/,0
https://www.amazon.com/profile,0
https://www.zoom.us/,0
https://www.google.com/,0
https://www.instagram.com/?session_id=454147,0
http://secure-info-51112.net/authenticate?id=285,1
http://secure-info-61551.net/authenticate?id=401,1
https://www.github.com/about,0
https://www.instagram.com/support,0
https://www.zoom.us/contact,0
https://www.google.com/contact?session_id=694878,0
https://www.imdb.com/about,0
http://verify-info-94323.net/authenticate?id=2083,1
https://www.github.com/home?session_id=943725,0
https://www.robiox.com.py/games/88270880256027/WORKING-SUSSY-SWAP-SIMULATOR-2?privateServerLinkCode=717041469772442827131822391814,1
http://update-info-15419.net/authenticate?id=1428,1
https://www.amazon.com/home?session_id=985483,0
https://www.yahoo.com/?session_id=336561,0
http://update-info-16885.net/authenticate?id=402,1
http://verify-info-19429.net/authenticate?id=41,1
http://banking-info-85880.net/authenticate?id=39,1
https://www.twitter.com/settings,0
http://update-info-84333.net/authenticate?id=330,1
https://www.microsoft.com/contact,0
http://update-info-76851.net/authenticate?id=2069,1
https://aditip01-cloud.github.io/amazon-clone/,1
https://atomicwallletextension.weebly.com/,1
https://www.dropbox.com/,0
https://www.microsoft.com/support,0
https://www.github.com/support,0
http://secure-info-76164.net/authenticate?id=1843,1
http://service-info-36049.net/authenticate?id=745,1
http://metaameklogin.webflow.io/,1
https://www.wikipedia.org/dashboard,0
https://www.amazon.com/dashboard,0
https://www.imdb.com/home,0
http://update-info-22512.net/authenticate?id=1637,1
http://login-info-88387.net/authenticate?id=737,1
http://verify-info-85214.net/authenticate?id=1634,1
http://service-info-84732.net/authenticate?id=136,1
http://auth-info-76618.net/authenticate?id=1036,1
https://www.netflix.com/support,0
http://secure-info-34868.net/authenticate?id=2196,1
https://www.twitch.tv/profile,0
http://banking-info-91076.net/authenticate?id=1645,1
http://secure-info-89113.net/authenticate?id=2112,1
https://www.netflix.com/dashboard,0
http://banking-info-47325.net/authenticate?id=1157,1
https://www.dropbox.com/profile,0
http://auth-info-18046.net/authenticate?id=2022,1
http://login-info-42125.net/authenticate?id=2109,1
http://service-info-15249.net/authenticate?id=1897,1
http://helpdesk-info-22239.net/authenticate?id=1952,1
http://service-info-46542.net/authenticate?id=399,1
https://www.twitch.tv/dashboard,0
https://www.stackoverflow.com/,0
https://www.tumblr.com/settings,0
http://update-info-16967.net/authenticate?id=1963,1
https://www.zoom.us/about,0
https://www.twitch.tv/support,0
https://www.reddit.com/settings?session_id=258679,0
https://www.spotify.com/support,0
https://www.dropbox.com/profile?session_id=480857,0
http://m.ccld123.com/,1
https://www.stackoverflow.com/support?session_id=730211,0
http://account-info-94037.net/authenticate?id=1283,1
https://www.google.com/home?session_id=893054,0
https://www.yahoo.com/support,0
http://login-info-93941.net/authenticate?id=1762,1
http://account-info-3190.net/authenticate?id=1643,1
https://www.instagram.com/contact?session_id=433270,0
http://verify-info-28633.net/authenticate?id=2162,1
https://www.tumblr.com/about,0
http://secure-info-74180.net/authenticate?id=344,1
https://www.youtube.com/settings,0
http://login-info-22684.net/authenticate?id=2185,1
https://www.twitter.com/settings,0
https://www.amazon.com/contact?session_id=624031,0
http://login-info-13007.net/authenticate?id=1187,1
http://helpdesk-info-26738.net/authenticate?id=1547,1
http://secure-info-77312.net/authenticate?id=1712,1
http://service-info-34829.net/authenticate?id=1717,1
http://update-info-37184.net/authenticate?id=203,1
http://login-info-3908.net/authenticate?id=1212,1
https://www.stackoverflow.com/home,0
http://banking-info-24268.net/authenticate?id=1629,1
https://www.twitch.tv/contact?session_id=797497,0
http://update-info-21129.net/authenticate?id=2137,1
https://www.amazon.com/contact,0
https://www.stackoverflow.com/dashboard?session_id=358850,0
http://update-info-99770.net/authenticate?id=169,1
https://www.amazon.com/contact?session_id=424848,0
https://www.pinterest.com/home,0
https://www.zoom.us/support?session_id=545446,0
http://auth-info-73231.net/authenticate?id=1919,1
http://account-info-8125.net/authenticate?id=434,1
https://www.tumblr.com/home?session_id=349428,0
http://verify-info-17177.net/authenticate?id=1881,1
http://update-info-41394.net/authenticate?id=29,1
https://robiox.com.af/users/3007319103/profile,1
https://www.imdb.com/dashboard?session_id=685733,0
http://banking-info-2477.net/authenticate?id=617,1
https://www.apple.com/about,0
https://www.reddit.com/profile,0
https://www.zoom.us/about,0
http://secure-info-83440.net/authenticate?id=1781,1
https://www.reddit.com/support?session_id=687968,0
https://www.tumblr.com/settings,0
http://secure-info-23734.net/authenticate?id=1441,1
https://www.google.com/home,0
https://www.github.com/,0
https://www.yahoo.com/home,0
http://update-info-74878.net/authenticate?id=924,1
https://www.facebook.com/?session_id=40439,0
https://www.yahoo.com/,0
http://service-info-42347.net/authenticate?id=2001,1
http://auth-info-18360.net/authenticate?id=1921,1
https://www.yahoo.com/about,0
http://secure-info-4214.net/authenticate?id=2135,1
http://login-info-13355.net/authenticate?id=1787,1
https://www.github.com/about,0
https://www.stackoverflow.com/profile,0
https://www.youtube.com/dashboard,0
https://www.imdb.com/?session_id=910978,0
http://www.dhl-status.xin/ie-en,1
https://www.twitch.tv/dashboard?session_id=686684,0
https://www.twitter.com/contact,0
https://www.medium.com/,0
https://www.pinterest.com/home,0
http://service-info-60932.net/authenticate?id=1878,1
http://auth-info-6904.net/authenticate?id=1849,1
https://www.youtube.com/support?session_id=598157,0
https://www.wikipedia.org/settings?session_id=348667,0
http://login-info-89964.net/authenticate?id=477,1
https://www.twitch.tv/contact,0
https://www.apple.com/support,0
http://banking-info-55719.net/authenticate?id=2110,1
http://banking-info-98135.net/authenticate?id=1108,1
https://www.linkedin.com/support?session_id=725001,0
https://www.youtube.com/dashboard,0
http://update-info-69242.net/authenticate?id=1852,1
http://verify-info-69135.net/authenticate?id=1103,1
https://www.microsoft.com/home,0
http://update-info-32852.net/authenticate?id=2141,1
https://www.facebook.com/contact,0
http://verify-info-27920.net/authenticate?id=107,1
https://www.microsoft.com/settings,0
https://www.yahoo.com/about,0
https://www.ebay.com/about,0
http://banking-info-5327.net/authenticate?id=1047,1
https://www.zoom.us/home,0
https://www.twitter.com/?session_id=825551,0
https://www.stackoverflow.com/dashboard,0
https://www.youtube.com/home,0
https://www.facebook.com/,0
http://helpdesk-info-50252.net/authenticate?id=725,1
http://banking-info-76131.net/authenticate?id=1671,1
https://www.yahoo.com/profile,0
http://service-info-82374.net/authenticate?id=393,1
http://verify-info-77619.net/authenticate?id=1504,1
https://www.stackoverflow.com/profile,0
https://www.google.com/support,0
https://www.medium.com/contact,0
http://account-info-36793.net/authenticate?id=831,1
https://www.twitch.tv/settings,0
https://www.ebay.com/contact,0
http://login-info-67114.net/authenticate?id=511,1
https://www.twitter.com/about,0
http://helpdesk-info-2693.net/authenticate?id=802,1
http://helpdesk-info-79335.net/authenticate?id=1431,1
http://service-info-78712.net/authenticate?id=911,1
http://secure-info-81877.net/authenticate?id=1868,1
http://login-info-42030.net/authenticate?id=1597,1
http://service-info-9377.net/authenticate?id=487,1
http://account-info-59765.net/authenticate?id=840,1
http://login-info-95551.net/authenticate?id=386,1
http://auth-info-29908.net/authenticate?id=1990,1
https://www.twitch.tv/profile?session_id=621726,0
http://auth-info-32794.net/authenticate?id=1533,1
http://kuccoinlguin.webflow.io/,1
https://www.pinterest.com/dashboard,0
http://login-info-37172.net/authenticate?id=2098,1
http://service-info-88031.net/authenticate?id=1130,1
https://www.amazon.com/support?session_id=191611,0
http://auth-info-88173.net/authenticate?id=228,1
http://account-info-72739.net/authenticate?id=1713,1
https://www.youtube.com/profile?session_id=741976,0
http://banking-info-42793.net/authenticate?id=221,1
https://www.stackoverflow.com/dashboard,0
https://www.pinterest.com/home,0
http://ppp63.028426.com/s/63BZGFSVBWSFCDX7Y9/584dd8/90eab167-7429-489f-99f6-ce86e8d0d81a,1
http://auth-info-78640.net/authenticate?id=282,1
http://helpdesk-info-4105.net/authenticate?id=1693,1
http://account-info-36655.net/authenticate?id=2179,1
http://helpdesk-info-24198.net/authenticate?id=600,1
http://service-info-48981.net/authenticate?id=1305,1
https://www.dropbox.com/settings,0
https://www.pinterest.com/home?session_id=453800,0
http://verify-info-20594.net/authenticate?id=812,1
http://update-info-74639.net/authenticate?id=1838,1
http://service-info-17444.net/authenticate?id=381,1
https://www.google.com/settings,0
http://secure-info-62092.net/authenticate?id=417,1
http://login-info-10913.net/authenticate?id=1041,1
http://account-info-56502.net/authenticate?id=1733,1
http://account-info-96239.net/authenticate?id=215,1
http://account-info-4102.net/authenticate?id=483,1
http://verify-info-28640.net/authenticate?id=1891,1
https://www.wikipedia.org/profile?session_id=374461,0
http://auth-info-82666.net/authenticate?id=1516,1
https://www.tumblr.com/home,0
https://www.dropbox.com/home,0
https://www.salesforce.com/contact,0
http://auth-info-96210.net/authenticate?id=1289,1
http://helpdesk-info-97382.net/authenticate?id=728,1
http://account-info-95378.net/authenticate?id=247,1
https://www.linkedin.com/settings,0
https://www.netflix.com/about?session_id=600436,0
https://www.salesforce.com/support?session_id=748428,0
http://secure-info-96959.net/authenticate?id=828,1
http://banking-info-76145.net/authenticate?id=1331,1
https://www.apple.com/profile?session_id=818118,0
http://service-info-16591.net/authenticate?id=1790,1
https://www.yahoo.com/,0
https://www.stackoverflow.com/dashboard,0
https://www.wikipedia.org/settings,0
https://ihhttps-roblox.com/login?returnUrl=92269465,1
http://helpdesk-info-83062.net/authenticate?id=2172,1
https://www.apple.com/contact,0
http://service-info-25179.net/authenticate?id=931,1
https://www.zoom.us/settings,0
http://verify-info-2451.net/authenticate?id=2156,1
https://www.pinterest.com/about,0
http://banking-info-13852.net/authenticate?id=1565,1
https://www.netflix.com/support,0
http://secure-info-29417.net/authenticate?id=2040,1
http://login-info-61643.net/authenticate?id=888,1
https://www.reddit.com/home,0
http://secure-info-40073.net/authenticate?id=25,1
http://verify-info-11462.net/authenticate?id=1252,1
http://verify-info-33276.net/authenticate?id=351,1
https://www.ebay.com/support,0
http://update-info-96526.net/authenticate?id=2047,1
https://mmapphubs.pages.dev/assets,1
https://www.medium.com/profile,0
https://appres.netlify.app/,1
http://secure-info-32460.net/authenticate?id=1230,1
https://www.google.com/about,0
http://secure-info-25657.net/authenticate?id=1200,1
http://login-info-62618.net/authenticate?id=670,1
https://www.github.com/about,0
https://www.zoom.us/support,0
http://auth-info-59672.net/authenticate?id=325,1
http://service-info-54341.net/authenticate?id=1903,1
http://update-info-63898.net/authenticate?id=385,1
http://auth-info-43700.net/authenticate?id=896,1
http://auth-info-21571.net/authenticate?id=248,1
https://www.zoom.us/about,0
https://www.microsoft.com/settings,0
http://update-info-42104.net/authenticate?id=1347,1
http://account-info-55830.net/authenticate?id=287,1
https://www.twitter.com/home,0
http://banking-info-20186.net/authenticate?id=643,1
https://www.twitch.tv/home,0
https://www.roblox.com.ni/users/4042724765/profile,1
http://secure-info-86577.net/authenticate?id=804,1
http://verify-info-59125.net/authenticate?id=974,1
http://service-info-69988.net/authenticate?id=1405,1
http://robiox.com.ps/communities/5491591077/PakSheeet,1
https://www.instagram.com/settings,0
https://www.ebay.com/support?session_id=77915,0
http://update-info-80177.net/authenticate?id=1764,1
http://update-info-19900.net/authenticate?id=291,1
http://service-info-28384.net/authenticate?id=1381,1
http://login-info-73292.net/authenticate?id=303,1
http://auth-info-92749.net/authenticate?id=760,1
http://verify-info-16334.net/authenticate?id=814,1
https://www.instagram.com/contact?session_id=678791,0
http://update-info-84786.net/authenticate?id=2195,1
https://www.robiox.com.py/users/334553148194/profile,1
http://banking-info-14382.net/authenticate?id=2097,1
http://service-info-17857.net/authenticate?id=1369,1
http://login-info-77434.net/authenticate?id=443,1
https://www.facebook.com/settings?session_id=635196,0
https://www.salesforce.com/about?session_id=669119,0
https://www.spotify.com/,0
http://account-info-85824.net/authenticate?id=727,1
http://lnamty.github.io/Spotify-Landing-Page,1
http://verify-info-29970.net/authenticate?id=1479,1
https://www.medium.com/support,0
https://www.pinterest.com/settings,0
https://www.linkedin.com/home?session_id=540288,0
https://www.tumblr.com/about?session_id=37480,0
http://auth-info-68569.net/authenticate?id=1753,1
http://service-info-78879.net/authenticate?id=1531,1
http://auth-info-372.net/authenticate?id=1114,1
http://secure-info-52319.net/authenticate?id=615,1
http://helpdesk-info-98178.net/authenticate?id=301,1
https://vpn-kryptering.dk/wp-includes/Text/dzireub/gfbthir/abhkudi/hwse/files/card.php,1
https://www.facebook.com/settings,0
https://www.amazon.com/home,0
https://www.yahoo.com/support,0
http://helpdesk-info-79267.net/authenticate?id=1546,1
http://service-info-88973.net/authenticate?id=1037,1
https://www.linkedin.com/settings,0
https://www.microsoft.com/contact,0
https://www.netflix.com/profile?session_id=942213,0
https://www.medium.com/settings,0
http://auth-info-41993.net/authenticate?id=337,1
http://login-info-2821.net/authenticate?id=1767,1
http://auth-info-75088.net/authenticate?id=313,1
https://www.salesforce.com/contact?session_id=488535,0
https://harshiniparamata12.github.io/Netflix/,1
https://www.apple.com/dashboard,0
https://www.imdb.com/settings,0
https://www.zoom.us/settings,0
https://www.pinterest.com/contact,0
https://www.twitter.com/contact,0
https://www.reddit.com/support,0
https://www.zoom.us/settings,0
http://verify-info-36055.net/authenticate?id=808,1
http://verify-info-68085.net/authenticate?id=1418,1
http://account-info-71453.net/authenticate?id=311,1
https://www.github.com/support?session_id=526127,0
https://muski-gupta.github.io/NETFLIX_CLONE/,1
http://helpdesk-info-52555.net/authenticate?id=1232,1
http://service-info-67970.net/authenticate?id=1970,1
https://www.apple.com/settings?session_id=879751,0
https://www.spotify.com/support,0
http://helpdesk-info-69676.net/authenticate?id=1465,1
https://www.pinterest.com/settings,0
https://www.spotify.com/home,0
http://update-info-94091.net/authenticate?id=350,1
https://www.youtube.com/?session_id=559699,0
https://www.twitter.com/dashboard?session_id=434227,0
http://secure-info-96001.net/authenticate?id=466,1
http://update-info-2077.net/authenticate?id=435,1
http://login-info-40591.net/authenticate?id=2086,1
https://www.imdb.com/home,0
https://www.spotify.com/support?session_id=726350,0
http://verify-info-8092.net/authenticate?id=877,1
https://roblox.com.ge/users/3943241446/profile,1
http://verify-info-56642.net/authenticate?id=1524,1
https://www.zoom.us/about,0
http://secure-info-8806.net/authenticate?id=1575,1
https://www.linkedin.com/contact?session_id=195700,0
https://www.twitch.tv/contact,0
http://helpdesk-info-33949.net/authenticate?id=1267,1
http://auth-info-62914.net/authenticate?id=604,1
http://secure-info-86433.net/authenticate?id=1566,1
http://secure-info-86612.net/authenticate?id=224,1
https://www.instagram.com/profile,0
http://account-info-31313.net/authenticate?id=793,1
https://www.amazon.com/about,0
http://account-info-48450.net/authenticate?id=1505,1
https://www.amazon.com/settings,0
https://www.twitch.tv/home,0
http://account-info-83702.net/authenticate?id=1278,1
https://www.netflix.com/profile?session_id=997995,0
http://auth-info-55347.net/authenticate?id=979,1
https://www.spotify.com/settings,0
https://www.google.com/,0
https://www.apple.com/about,0
http://login-info-95141.net/authenticate?id=2049,1
https://www.amazon.com/home?session_id=802322,0
https://www.google.com/profile?session_id=204179,0
https://www.spotify.com/support,0
https://www.zoom.us/contact,0
https://www.facebook.com/about,0
http://helpdesk-info-37432.net/authenticate?id=2164,1
https://www.instagram.com/contact,0
https://www.instagram.com/profile?session_id=407376,0
https://www.tumblr.com/about?session_id=28285,0
https://www.facebook.com/profile,0
https://www.twitter.com/,0
https://www.netflix.com/contact?session_id=581605,0
http://account-info-31714.net/authenticate?id=109,1
http://service-info-52911.net/authenticate?id=480,1
https://www.yahoo.com/settings,0
http://verify-info-76127.net/authenticate?id=334,1
https://www.wikipedia.org/dashboard,0
http://auth-info-19791.net/authenticate?id=1209,1
http://account-info-91013.net/authenticate?id=271,1
http://login-info-27678.net/authenticate?id=1143,1
https://www.instagram.com/dashboard,0
https://www.dropbox.com/dashboard,0
https://www.zoom.us/support,0
http://verify-info-96310.net/authenticate?id=1949,1
http://verify-info-79898.net/authenticate?id=189,1
https://www.google.com/?session_id=2401,0
http://secure-info-55283.net/authenticate?id=340,1
https://www.microsoft.com/home,0
https://www.linkedin.com/profile,0
https://www.linkedin.com/profile,0
https://www.pinterest.com/dashboard?session_id=331224,0
http://verify-info-40597.net/authenticate?id=2111,1
https://www.salesforce.com/settings?session_id=327580,0
http://helpdesk-info-35833.net/authenticate?id=1372,1
https://www.google.com/,0
https://www.yahoo.com/home,0
http://account-info-18476.net/authenticate?id=1888,1
https://www.youtube.com/contact,0
http://account-info-51008.net/authenticate?id=415,1
http://banking-info-65778.net/authenticate?id=998,1
http://account-info-65147.net/authenticate?id=833,1
http://service-info-63700.net/authenticate?id=1106,1
http://banking-info-82498.net/authenticate?id=838,1
https://rejectedemails.itupdates.support/s/63BZGFSVBWSFCDX7Y9/584dd8/90eab167-7429-489f-99f6-ce86e8d0d81a,1
http://account-info-55845.net/authenticate?id=855,1
https://www.pinterest.com/support,0
https://www.zoom.us/support,0
http://auth-info-27252.net/authenticate?id=1282,1
http://secure-info-18541.net/authenticate?id=1509,1
https://coral-app-u286c.ondigitalocean.app/login,1
http://secure-info-43726.net/authenticate?id=1031,1
https://www.tumblr.com/contact?session_id=136484,0
http://service-info-20599.net/authenticate?id=201,1
http://account-info-57775.net/authenticate?id=18,1
https://www.zoom.us/contact,0
https://www.twitter.com/support?session_id=986440,0
http://secure-info-22515.net/authenticate?id=1064,1
https://www.microsoft.com/dashboard,0
http://login-info-31654.net/authenticate?id=1983,1
http://account-info-90630.net/authenticate?id=1805,1
http://helpdesk-info-62388.net/authenticate?id=1104,1
https://www.tumblr.com/settings?session_id=16915,0
https://www.google.com/settings,0
http://account-info-45207.net/authenticate?id=736,1
http://auth-info-46106.net/authenticate?id=1118,1
https://www.facebook.com/dashboard?session_id=998935,0
http://update-info-20818.net/authenticate?id=2058,1
https://www.netflix.com/dashboard?session_id=142716,0
http://banking-info-3996.net/authenticate?id=276,1
https://www.twitter.com/profile,0
https://www.ebay.com/support,0
http://service-info-51184.net/authenticate?id=2071,1
http://great-restaurant-deals.com/2513501.doc/18a80a/fad0f483-81b2-45c6-ad47-7272058d9cb6,1
https://www.google.com/?session_id=559073,0
https://www.stackoverflow.com/,0
http://banking-info-15546.net/authenticate?id=197,1
http://helpdesk-info-56337.net/authenticate?id=1455,1
https://www.microsoft.com/dashboard?session_id=110510,0
https://www.youtube.com/dashboard,0
https://www.tumblr.com/,0
https://www.zoom.us/contact,0
https://www.netflix.com/settings?session_id=820988,0
https://www.twitch.tv/dashboard,0
https://www.youtube.com/profile,0
http://update-info-81947.net/authenticate?id=933,1
http://banking-info-6283.net/authenticate?id=122,1
http://helpdesk-info-42617.net/authenticate?id=1342,1
http://helpdesk-info-59356.net/authenticate?id=1873,1
https://www.google.com/about,0
http://verify-info-53125.net/authenticate?id=1398,1
https://www.medium.com/support,0
http://account-info-92054.net/authenticate?id=1392,1
http://banking-info-98292.net/authenticate?id=1880,1
http://login-info-69766.net/authenticate?id=557,1
https://www.zoom.us/,0
https://www.zoom.us/dashboard?session_id=907388,0
http://verify-info-15802.net/authenticate?id=2028,1
https://www.twitch.tv/settings?session_id=709794,0
https://www.wikipedia.org/about,0
http://banking-info-42561.net/authenticate?id=2057,1
https://www.yahoo.com/dashboard,0
https://www.yahoo.com/home?session_id=800536,0
http://secure-info-17700.net/authenticate?id=898,1
https://www.twitter.com/profile?session_id=902238,0
http://auth-info-16230.net/authenticate?id=829,1
https://www.yahoo.com/contact?session_id=934213,0
http://auth-info-21416.net/authenticate?id=1621,1
http://banking-info-42857.net/authenticate?id=1918,1
http://banking-info-36781.net/authenticate?id=97,1
https://chitrathakur.github.io/Netflix-clone/,1
https://www.youtube.com/dashboard?session_id=902838,0
http://account-info-44329.net/authenticate?id=485,1
http://service-info-87227.net/authenticate?id=346,1
http://verify-info-61703.net/authenticate?id=1188,1
https://yogeshverma25.github.io/Amazon-Clone/,1
http://account-info-24967.net/authenticate?id=883,1
https://amazon-clone-azure-pi.vercel.app/,1
http://account-info-22738.net/authenticate?id=208,1
https://www.stackoverflow.com/settings,0
http://banking-info-32165.net/authenticate?id=599,1
https://www.apple.com/,0
https://www.google.com/dashboard?session_id=976775,0
http://luxafoir.github.io/Security_Check,1
https://roblox.com.ge/users/5177372178/profile,1
https://www.twitch.tv/about,0
http://auth-info-55648.net/authenticate?id=437,1
http://banking-info-31776.net/authenticate?id=1808,1
https://www.reddit.com/settings,0
http://service-info-60525.net/authenticate?id=454,1
http://update-info-68745.net/authenticate?id=134,1
http://update-info-55565.net/authenticate?id=750,1
http://helpdesk-info-26371.net/authenticate?id=1798,1
https://www.facebook.com/home,0
https://www.pinterest.com/,0
http://verify-info-78288.net/authenticate?id=904,1
https://www.apple.com/support,0
http://account-info-14940.net/authenticate?id=1701,1
https://www.github.com/home,0
https://www.ebay.com/profile?session_id=164516,0
http://helpdesk-info-99811.net/authenticate?id=1866,1
https://yash28122005.github.io/Video-Streaming-App-Clone/,1
https://www.apple.com/home,0
http://update-info-49424.net/authenticate?id=1234,1
http://account-info-89368.net/authenticate?id=534,1
http://auth-info-99206.net/authenticate?id=226,1
https://www.zoom.us/profile,0
https://www.twitch.tv/,0
http://update-info-82757.net/authenticate?id=759,1
https://www.tumblr.com/home?session_id=753789,0
https://www.facebook.com/support?session_id=5826,0
https://www.amazon.com/,0
https://www.medium.com/profile?session_id=217023,0
http://helpdesk-info-96691.net/authenticate?id=703,1
https://www.zoom.us/dashboard?session_id=593492,0
https://swuzli.cn/zmyretff/,1
https://www.twitch.tv/profile,0
https://www.microsoft.com/home,0
http://helpdesk-info-69115.net/authenticate?id=2127,1
http://verify-info-63862.net/authenticate?id=143,1
https://discontcomputers.com/2513501.doc/18a80a/fad0f483-81b2-45c6-ad47-7272058d9cb6,1
http://exba.com/,1
http://helpdesk-info-97490.net/authenticate?id=999,1
http://account-info-29131.net/authenticate?id=780,1
https://www.medium.com/settings,0
https://www.zoom.us/about,0
http://secure-info-90274.net/authenticate?id=559,1
http://service-info-26745.net/authenticate?id=585,1
https://www.apple.com/settings?session_id=173951,0
http://account-info-85648.net/authenticate?id=1941,1
http://account-info-1683.net/authenticate?id=1301,1
http://auth-info-49957.net/authenticate?id=1173,1
http://verify-info-91178.net/authenticate?id=1120,1
https://www.twitch.tv/contact?session_id=958843,0
http://account-info-84366.net/authenticate?id=1751,1
https://www.amazon.com/home,0
http://banking-info-13014.net/authenticate?id=1374,1
http://login-info-51677.net/authenticate?id=2107,1
http://helpdesk-info-53644.net/authenticate?id=2182,1
http://login-info-65902.net/authenticate?id=164,1
https://www.stackoverflow.com/profile?session_id=667674,0
https://www.google.com/home,0
https://www.youtube.com/about?session_id=148250,0
https://www.tumblr.com/settings,0
https://www.imdb.com/contact,0
https://www.tumblr.com/home,0
http://helpdesk-info-94067.net/authenticate?id=2197,1
http://account-info-21533.net/authenticate?id=199,1
https://www.netflix.com/dashboard,0
https://www.linkedin.com/,0
https://www.reddit.com/profile?session_id=983775,0
http://secure-info-6583.net/authenticate?id=207,1
https://www.spotify.com/dashboard,0
https://www.zoom.us/home,0
https://www.yahoo.com/about,0
http://helpdesk-info-76755.net/authenticate?id=2103,1
https://www.yahoo.com/home?session_id=303963,0
https://www.netflix.com/home,0
http://grauddoikalaga.vercel.app/hiaioezmwcxabxga.html/bwurhuzvzgajtx.html,1
http://update-info-80236.net/authenticate?id=1440,1
https://www.spotify.com/dashboard,0
https://www.pinterest.com/about?session_id=337418,0
https://www.salesforce.com/profile?session_id=841452,0
http://service-info-88331.net/authenticate?id=1574,1
https://www.ebay.com/settings,0
https://www.tumblr.com/home?session_id=555491,0
http://banking-info-38300.net/authenticate?id=1562,1
http://login-info-84573.net/authenticate?id=1363,1
http://account-info-91583.net/authenticate?id=1009,1
http://banking-info-49816.net/authenticate?id=160,1
https://www.twitter.com/,0
http://login-info-80017.net/authenticate?id=1775,1
http://auth-info-79008.net/authenticate?id=1679,1
http://asesoriabarrachina.es/wp-includes/strato/,1
http://secure-info-48628.net/authenticate?id=756,1
https://www.microsoft.com/profile?session_id=405171,0
http://update-info-89797.net/authenticate?id=1747,1
https://www.spotify.com/home,0
https://www.stackoverflow.com/,0
https://www.pinterest.com/about,0
http://verify-info-36036.net/authenticate?id=1649,1
https://www.instagram.com/about,0
https://www.dropbox.com/home?session_id=910307,0
http://login-info-14174.net/authenticate?id=697,1
http://auth-info-91200.net/authenticate?id=1999,1
http://secure-info-12188.net/authenticate?id=138,1
http://update-info-25120.net/authenticate?id=1246,1
http://account-info-25623.net/authenticate?id=154,1
https://www.instagram.com/about,0
https://www.dropbox.com/dashboard?session_id=216336,0
http://helpdesk-info-65032.net/authenticate?id=2199,1
https://www.instagram.com/dashboard,0
http://account-info-18641.net/authenticate?id=627,1
http://qwewr12.cloud/signIn/jp-ja/shop/TP4fUx7y6,1
http://verify-info-56518.net/authenticate?id=1654,1
https://www.netflix.com/about?session_id=960910,0
http://login-info-84230.net/authenticate?id=1736,1
http://login-info-6719.net/authenticate?id=761,1
https://www.dropbox.com/profile?session_id=725480,0
https://www.twitter.com/settings,0
http://auth-info-31556.net/authenticate?id=349,1
http://update-info-95758.net/authenticate?id=1184,1
https://www.facebook.com/contact,0
https://www.instagram.com/,0
https://www.tumblr.com/home,0
http://secure-info-98375.net/authenticate?id=488,1
http://account-info-52385.net/authenticate?id=217,1
http://banking-info-24600.net/authenticate?id=891,1
http://auth-info-30518.net/authenticate?id=2053,1
http://login-info-29357.net/authenticate?id=365,1
http://helpdesk-info-43359.net/authenticate?id=1476,1
http://verify-info-2139.net/authenticate?id=640,1
https://www.linkedin.com/contact,0
http://secure-info-29664.net/authenticate?id=1371,1
https://www.twitch.tv/profile?session_id=999591,0
http://banking-info-44411.net/authenticate?id=115,1
https://www.medium.com/about?session_id=98364,0
http://verify-info-29680.net/authenticate?id=519,1
http://login-info-60319.net/authenticate?id=575,1
https://www.zoom.us/home,0
http://update-info-33406.net/authenticate?id=569,1
https://www.wikipedia.org/dashboard,0
https://www.youtube.com/,0
http://login-info-52001.net/authenticate?id=1719,1
https://www.spotify.com/about?session_id=884016,0
https://www.dropbox.com/about,0
http://helpdesk-info-59539.net/authenticate?id=83,1
https://www.netflix.com/about?session_id=296087,0
https://www.medium.com/home,0
https://www.apple.com/?session_id=406298,0
http://account-info-24396.net/authenticate?id=2000,1
http://secure-info-73840.net/authenticate?id=995,1
https://www.salesforce.com/settings,0
https://www.imdb.com/settings,0
https://www.tumblr.com/contact?session_id=37166,0
http://update-info-74665.net/authenticate?id=539,1
https://www.ebay.com/profile,0
https://premcreates.github.io/Netflix-Clone/,1
https://www.linkedin.com/settings?session_id=115132,0
https://www.twitter.com/dashboard,0
https://www.instagram.com/settings,0
https://www.netflix.com/about?session_id=619557,0
http://account-info-58603.net/authenticate?id=543,1
https://www.netflix.com/profile,0
https://www.microsoft.com/contact,0
https://www.ebay.com/about,0
http://auth-info-13942.net/authenticate?id=1053,1
http://banking-info-79811.net/authenticate?id=1067,1
https://www.linkedin.com/contact,0
http://auth-info-85944.net/authenticate?id=178,1
http://account-info-79702.net/authenticate?id=1319,1
https://www.wikipedia.org/support?session_id=520913,0
https://www.zoom.us/contact,0
https://netflix-clone-2r50aerpr-eliasvasquesalcantara.vercel.app/,1
http://verify-info-34113.net/authenticate?id=390,1
https://www.twitter.com/settings,0
https://www.zoom.us/dashboard,0
https://www.amazon.com/settings,0
http://helpdesk-info-92742.net/authenticate?id=2007,1
http://service-info-7064.net/authenticate?id=112,1
https://www.zoom.us/?session_id=106680,0
https://www.microsoft.com/profile?session_id=497171,0
http://verify-info-33461.net/authenticate?id=225,1
https://www.instagram.com/?session_id=568757,0
http://auth-info-8028.net/authenticate?id=1135,1
http://update-info-94111.net/authenticate?id=1345,1
https://www.salesforce.com/settings?session_id=845476,0
https://www.google.com/settings,0
https://www.reddit.com/dashboard?session_id=166998,0
http://auth-info-56178.net/authenticate?id=1448,1
https://www.yahoo.com/about,0
http://verify-info-75417.net/authenticate?id=821,1
http://helpdesk-info-16631.net/authenticate?id=1708,1
http://service-info-86284.net/authenticate?id=507,1
https://www.dropbox.com/settings?session_id=256342,0
http://helpdesk-info-41309.net/authenticate?id=124,1
https://www.stackoverflow.com/support,0
http://banking-info-41388.net/authenticate?id=874,1
https://www.twitter.com/dashboard?session_id=225488,0
https://www.dropbox.com/contact,0
https://www.salesforce.com/about,0
https://www.salesforce.com/settings?session_id=249529,0
http://service-info-54040.net/authenticate?id=910,1
https://www.tumblr.com/settings,0
http://secure-info-75879.net/authenticate?id=450,1
https://www.google.com/about,0
http://account-info-99836.net/authenticate?id=331,1
http://service-info-24811.net/authenticate?id=772,1
https://corporatefreightdelivery.com/secure/training/6422c2/8c5781c2-7b1e-4035-b1d7-990e269e5380,1
https://www.reddit.com/contact,0
http://auth-info-71276.net/authenticate?id=458,1
http://account-info-69380.net/authenticate?id=781,1
https://www.linkedin.com/profile?session_id=896892,0
https://www.google.com/dashboard,0
https://www.twitter.com/profile,0
http://secure-info-12364.net/authenticate?id=486,1
http://helpdesk-info-59127.net/authenticate?id=1627,1
https://www.facebook.com/home,0
http://verify-info-44416.net/authenticate?id=1885,1
http://update-info-3132.net/authenticate?id=1457,1
https://www.netflix.com/profile,0
http://login-info-25490.net/authenticate?id=251,1
http://update-info-73798.net/authenticate?id=2189,1
http://secure-info-73900.net/authenticate?id=281,1
http://banking-info-13539.net/authenticate?id=1632,1
https://www.stackoverflow.com/home,0
https://www.imdb.com/dashboard?session_id=400010,0
http://helpdesk-info-48994.net/authenticate?id=1935,1
http://update-info-62234.net/authenticate?id=1073,1
http://update-info-99193.net/authenticate?id=1202,1
http://update-info-60660.net/authenticate?id=1593,1
https://www.tumblr.com/contact,0
https://www.twitch.tv/,0
https://www.instagram.com/profile,0
http://banking-info-57019.net/authenticate?id=2072,1
http://banking-info-64454.net/authenticate?id=170,1
https://www.microsoft.com/profile,0
https://www.netflix.com/?session_id=826444,0
https://surl.li/xklfxn,1
https://login.usaasecurepanel.com/e/,1
https://www.pinterest.com/?session_id=105908,0
http://banking-info-69123.net/authenticate?id=1334,1
http://verify-info-96575.net/authenticate?id=1489,1
https://www.github.com/?session_id=672040,0
http://verify-info-23878.net/authenticate?id=406,1
https://www.instagram.com/dashboard,0
https://www.youtube.com/about?session_id=162251,0
https://www.amazon.com/,0
https://www.yahoo.com/home,0
http://verify-info-88145.net/authenticate?id=22,1
http://service-info-35484.net/authenticate?id=1158,1
http://whatsappxx2026.binzaminrandow.site/,1
https://se-muhammad-shamoil.github.io/Netflix-front-end-clone/,1
https://www.instagram.com/,0
http://auth-info-81733.net/authenticate?id=1241,1
http://helpdesk-info-62881.net/authenticate?id=1434,1
https://www.ebay.com/contact,0
http://auth-info-12110.net/authenticate?id=1635,1
http://auth-info-79468.net/authenticate?id=2055,1
https://www.tumblr.com/dashboard,0
http://helpdesk-info-89169.net/authenticate?id=382,1
http://verify-info-12506.net/authenticate?id=1850,1
http://update-info-83238.net/authenticate?id=1740,1
https://www.apple.com/,0
https://www.imdb.com/about?session_id=718581,0
http://update-info-4468.net/authenticate?id=1749,1
http://verify-info-63556.net/authenticate?id=1994,1
https://www.pinterest.com/support,0
https://www.instagram.com/profile,0
http://auth-info-48255.net/authenticate?id=1040,1
https://www.pinterest.com/home,0
http://secure-info-1261.net/authenticate?id=1799,1
http://service-info-74948.net/authenticate?id=1782,1
https://www.dropbox.com/support,0
https://en-download-ledgr.wixstudio.com/live,1
https://www.apple.com/home,0
http://banking-info-85153.net/authenticate?id=392,1
http://login-info-8666.net/authenticate?id=1014,1
http://secure-info-77138.net/authenticate?id=2004,1
https://www.google.com/settings,0
http://service-info-84664.net/authenticate?id=1099,1
https://www.microsoft.com/dashboard?session_id=838631,0
https://www.dropbox.com/,0
https://www.youtube.com/dashboard,0
https://www.microsoft.com/,0
https://www.tumblr.com/?session_id=27375,0
https://www.linkedin.com/contact,0
http://banking-info-92483.net/authenticate?id=2025,1
http://update-info-35303.net/authenticate?id=847,1
https://www.google.com/contact,0
http://secure-info-92497.net/authenticate?id=1908,1
https://www.twitter.com/,0
https://www.twitch.tv/about?session_id=181464,0
https://www.linkedin.com/about,0
https://www.spotify.com/profile,0
http://update-info-24958.net/authenticate?id=2123,1
http://verify-info-14792.net/authenticate?id=16,1
https://www.zoom.us/dashboard?session_id=694159,0
https://www.ebay.com/home,0
https://www.roblox.com.ni/games/142823291/Murder-Mystery-2?privateServerLinkCode=53256774932474091201546497619938,1
https://www.microsoft.com/settings?session_id=56071,0
http://update-info-14451.net/authenticate?id=1700,1
https://www.salesforce.com/profile,0
https://www.imdb.com/home?session_id=668111,0
http://update-info-83100.net/authenticate?id=601,1
https://www.google.com/,0
https://www.google.com/home?session_id=563359,0
http://login-info-9969.net/authenticate?id=1853,1
https://www.amazon.com/support?session_id=951105,0
http://helpdesk-info-65073.net/authenticate?id=1168,1
https://www.stackoverflow.com/support,0
http://secure-info-11227.net/authenticate?id=630,1
https://www.github.com/about,0
http://auth-info-76349.net/authenticate?id=707,1
http://login-info-25395.net/authenticate?id=168,1
https://www.pinterest.com/settings?session_id=476013,0
http://update-info-62717.net/authenticate?id=171,1
https://www.yahoo.com/about?session_id=184730,0
https://www.github.com/support?session_id=822575,0
https://www.stackoverflow.com/support,0
http://service-info-76108.net/authenticate?id=968,1
https://www.pinterest.com/settings,0
https://www.instagram.com/about?session_id=685659,0
http://account-info-13303.net/authenticate?id=1816,1
http://treccerwallet.webflow.io/,1
https://roblox.com.ge/communities/889543058/,1
http://service-info-64134.net/authenticate?id=1625,1
http://auth-info-10472.net/authenticate?id=403,1
https://www.github.com/dashboard,0
https://www.medium.com/settings,0
https://surl.li/wiwliy,1
http://service-info-90806.net/authenticate?id=2120,1
https://www.robiox.com.py/users/282744267386/profile,1
https://www.ebay.com/dashboard,0
https://www.pinterest.com/settings,0
http://auth-info-94858.net/authenticate?id=1344,1
http://account-info-37667.net/authenticate?id=147,1
https://www.amazon.com/settings,0
https://www.microsoft.com/home?session_id=495089,0
https://www.netflix.com/settings,0
http://service-info-84200.net/authenticate?id=255,1
https://www.facebook.com/profile,0
http://login-info-12578.net/authenticate?id=636,1
http://auth-info-62601.net/authenticate?id=1332,1
https://www.yahoo.com/home?session_id=566954,0
http://verify-info-73457.net/authenticate?id=1307,1
https://aman-raj048.github.io/Netflix-Clone/,1
https://www.twitter.com/?session_id=694528,0
http://auth-info-37342.net/authenticate?id=23,1
http://auth-info-46519.net/authenticate?id=1802,1
http://login-info-82616.net/authenticate?id=1251,1
https://www.zoom.us/contact?session_id=775573,0
https://www.facebook.com/about,0
https://www.dropbox.com/settings,0
http://banking-info-67502.net/authenticate?id=1824,1
https://www.twitch.tv/contact?session_id=258230,0
http://service-info-79472.net/authenticate?id=768,1
https://www.twitter.com/profile,0
http://update-info-51729.net/authenticate?id=1115,1
http://update-info-41242.net/authenticate?id=2108,1
https://www.dropbox.com/profile,0
http://base-mainnet.pages.dev/,1
https://www.amazon.com/about,0
http://login-info-67208.net/authenticate?id=449,1
https://www.medium.com/contact,0
https://www.google.com/dashboard,0
https://www.netflix.com/,0
https://www.instagram.com/?session_id=616391,0
http://service-info-18413.net/authenticate?id=705,1
https://www.wikipedia.org/support,0
https://www.instagram.com/settings?session_id=423804,0
https://tehreem234344.github.io/Amazon-Clone/,1
https://www.google.com/about?session_id=335061,0
http://verify-info-40253.net/authenticate?id=321,1
http://account-info-7862.net/authenticate?id=1676,1
http://auth-info-53048.net/authenticate?id=1962,1
https://www.tumblr.com/support,0
https://www.amazon.com/contact?session_id=325133,0
https://www.imdb.com/contact,0
https://www.imdb.com/dashboard,0
http://banking-info-82222.net/authenticate?id=849,1
http://login-info-9927.net/authenticate?id=1124,1
https://www.netflix.com/about?session_id=91598,0
https://www.reddit.com/support,0
https://www.medium.com/dashboard,0
https://www.reddit.com/home,0
http://auth-info-49165.net/authenticate?id=77,1
http://secure-info-58705.net/authenticate?id=1229,1
https://www.apple.com/home,0
http://secure-info-58782.net/authenticate?id=1004,1
https://www.google.com/home?session_id=994123,0
http://account-info-10953.net/authenticate?id=1500,1
https://www.github.com/support,0
http://helpdesk-info-84242.net/authenticate?id=2037,1
https://www.spotify.com/dashboard,0
https://www.linkedin.com/support,0
http://auth-info-66079.net/authenticate?id=1683,1
http://auth-info-1151.net/authenticate?id=268,1
https://www.zoom.us/support?session_id=19762,0
http://login-info-21184.net/authenticate?id=799,1
https://www.microsoft.com/dashboard,0
https://www.pinterest.com/settings,0
https://www.ebay.com/,0
http://account-info-40204.net/authenticate?id=1132,1
http://banking-info-22775.net/authenticate?id=141,1
https://www.github.com/,0
http://verify-info-65022.net/authenticate?id=1211,1
https://www.tumblr.com/home?session_id=954729,0
https://www.twitch.tv/contact,0
http://login-info-97487.net/authenticate?id=985,1
https://www.apple.com/support,0
https://www.yahoo.com/home,0
https://www.amazon.com/dashboard,0
http://helpdesk-info-77298.net/authenticate?id=774,1
http://service-info-65872.net/authenticate?id=2187,1
http://account-info-73720.net/authenticate?id=1110,1
https://www.netflix.com/home,0
http://helpdesk-info-12126.net/authenticate?id=1692,1
https://www.youtube.com/about?session_id=854774,0
https://www.tkkuajingw.icu/,1
https://www.medium.com/profile?session_id=29142,0
https://sumitkr-2.github.io/Netflix-Clone/,1
https://www.ebay.com/support,0
http://account-info-63892.net/authenticate?id=706,1
https://www.linkedin.com/settings?session_id=538753,0
http://secure-info-82609.net/authenticate?id=765,1
http://secure-info-15195.net/authenticate?id=73,1
https://www.instagram.com/home,0
https://www.ebay.com/about,0
https://www.tumblr.com/contact,0
https://www.salesforce.com/settings?session_id=143306,0
https://roblox.com.ge/users/6992450494/profile,1
http://banking-info-9255.net/authenticate?id=2011,1
https://www.zoom.us/support,0
http://secure-info-35562.net/authenticate?id=879,1
https://www.dropbox.com/profile?session_id=959504,0
https://www.yahoo.com/support,0
https://www.youtube.com/about?session_id=948561,0
http://helpdesk-info-28076.net/authenticate?id=1000,1
http://service-info-25286.net/authenticate?id=478,1
http://banking-info-38342.net/authenticate?id=1609,1
http://secure-info-81709.net/authenticate?id=1439,1
https://www.instagram.com/home?session_id=710352,0
http://service-info-38690.net/authenticate?id=2061,1
http://verify-info-34570.net/authenticate?id=589,1
http://service-info-8629.net/authenticate?id=658,1
https://virto.subrezarsutese.beauty/minerwebmailsecure101/web.html?268&1*1howd4r*_up*MQ..*_gs*MQ..&gclid=CjwKCAjw6s7CBhACEiwAuHQckmMG4jVCQEvK3DNGEDrqDGuST1wMvQ9_63A__PM9DZlTksBhfJzmTBoC28MQAvD_BwE&gbraid=0AAAAAD_qHs_7MG,1
https://arvind67951.github.io/Avi_Amazon/,1
https://www.pinterest.com/profile?session_id=460592,0
https://www.linkedin.com/profile,0
https://www.wikipedia.org/home,0
https://www.dropbox.com/contact,0
https://www.google.com/contact,0
http://helpdesk-info-93370.net/authenticate?id=1011,1
https://www.linkedin.com/support,0
http://auth-info-15259.net/authenticate?id=2146,1
http://helpdesk-info-3591.net/authenticate?id=496,1
https://www.apple.com/support?session_id=738277,0
http://auth-info-32227.net/authenticate?id=2119,1
http://verify-info-2795.net/authenticate?id=1694,1
https://www.instagram.com/support,0
http://banking-info-19988.net/authenticate?id=52,1
http://secure-info-77357.net/authenticate?id=1366,1
http://banking-info-99343.net/authenticate?id=591,1
https://www.reddit.com/profile,0
http://auth-info-13204.net/authenticate?id=1357,1
https://www.netflix.com/contact,0
https://atiomic-ex.zapier.app/en-us,1
https://kiuocunlognvs.godaddysites.com/,1
http://helpdesk-info-95863.net/authenticate?id=430,1
http://account-info-5988.net/authenticate?id=2020,1
http://login-info-86221.net/authenticate?id=187,1
http://login-info-67437.net/authenticate?id=646,1
https://clapboxingtwo-btgnh2cpgwbde3hk.z03.azurefd.net/Win20Errfb020/index.html,1
https://www.youtube.com/home,0
http://auth-info-96702.net/authenticate?id=2148,1
https://www.netflix.com/support,0
http://login-info-84664.net/authenticate?id=1902,1
http://banking-info-15649.net/authenticate?id=809,1
http://verify-info-6989.net/authenticate?id=1077,1
http://update-info-17012.net/authenticate?id=1460,1
http://banking-info-37684.net/authenticate?id=223,1
https://www.imdb.com/settings,0
https://www.facebook.com/profile,0
http://helpdesk-info-81332.net/authenticate?id=1485,1
http://login-info-12080.net/authenticate?id=545,1
https://www.imdb.com/profile,0
https://www.wikipedia.org/support,0
http://banking-info-20891.net/authenticate?id=977,1
https://www.pinterest.com/dashboard?session_id=934211,0
http://secure-info-31724.net/authenticate?id=1813,1
https://www.stackoverflow.com/settings?session_id=643352,0
http://helpdesk-info-48714.net/authenticate?id=243,1
http://verify-info-36799.net/authenticate?id=885,1
https://www.tumblr.com/dashboard,0
https://www.robiox.com.py/users/271454362572/profile,1
http://voipa01d.it-admincenter.com/s/63BZGFSVBWSFCDX7Y9/584dd8/90eab167-7429-489f-99f6-ce86e8d0d81a,1
http://banking-info-67006.net/authenticate?id=422,1
http://auth-info-3362.net/authenticate?id=926,1
https://www.reddit.com/dashboard,0
http://account-info-31934.net/authenticate?id=2100,1
http://update-info-61787.net/authenticate?id=1513,1
https://www.linkedin.com/support,0
https://www.stackoverflow.com/settings,0
http://helpdesk-info-3631.net/authenticate?id=692,1
https://www.github.com/contact,0
https://www.spotify.com/,0
https://www.youtube.com/dashboard,0
https://www.twitch.tv/contact,0
https://ambika-tech.github.io/netflix/,1
http://service-info-33896.net/authenticate?id=1231,1
https://www.pinterest.com/dashboard,0
http://login-info-27814.net/authenticate?id=2145,1
https://www.dropbox.com/,0
http://account-info-40514.net/authenticate?id=448,1
http://banking-info-48990.net/authenticate?id=937,1
http://login-info-19180.net/authenticate?id=1046,1
https://www.github.com/about,0
https://www.tumblr.com/?session_id=687549,0
https://www.apple.com/settings?session_id=827453,0
http://update-info-5729.net/authenticate?id=1351,1
http://login-info-35396.net/authenticate?id=1318,1
http://verify-info-46920.net/authenticate?id=1851,1
https://www.pinterest.com/home,0
http://banking-info-18609.net/authenticate?id=87,1
https://www.google.com/profile?session_id=765546,0
https://www.salesforce.com/home,0
https://www.facebook.com/,0
https://www.amazon.com/about,0
https://www.amazon.com/support,0
https://www.instagram.com/about,0
https://atomiicwallletextension.weebly.com/,1
https://uppholdzloginl-1.gitbook.io/,1
https://www.zoom.us/contact?session_id=154265,0
http://service-info-22464.net/authenticate?id=1034,1
http://secure-info-96077.net/authenticate?id=1447,1
https://www.twitter.com/support?session_id=626679,0
http://secure-info-26881.net/authenticate?id=229,1
https://www.apple.com/support,0
https://www.yahoo.com/contact,0
http://helpdesk-info-47949.net/authenticate?id=2139,1
https://benutzer-secure.serveousercontent.com/DE/,1
http://account-info-3920.net/authenticate?id=663,1
https://www.imdb.com/dashboard,0
http://login-info-43378.net/authenticate?id=666,1
http://shaista-malik.github.io/microsoft-dummy,1
https://www.github.com/home,0
http://auth-info-21493.net/authenticate?id=57,1
https://www.stackoverflow.com/dashboard,0
https://www.apple.com/dashboard?session_id=926359,0
http://helpdesk-info-32932.net/authenticate?id=2151,1
http://banking-info-76238.net/authenticate?id=421,1
https://apps-trzosuite.wixstudio.com/login-oi,1
http://banking-info-74164.net/authenticate?id=754,1
https://www.ebay.com/profile,0
https://www.reddit.com/about,0
http://service-info-62484.net/authenticate?id=603,1
https://www.tumblr.com/settings,0
http://update-info-89342.net/authenticate?id=333,1
http://update-info-88079.net/authenticate?id=1377,1
http://secure-info-70133.net/authenticate?id=917,1
https://www.tumblr.com/dashboard,0
https://www.imdb.com/profile,0
http://update-info-30284.net/authenticate?id=182,1
https://www.reddit.com/profile,0
https://www.instagram.com/dashboard,0
https://www.stackoverflow.com/dashboard?session_id=235983,0
https://www.reddit.com/contact?session_id=231240,0
https://www.instagram.com/,0
http://account-info-42071.net/authenticate?id=1386,1
https://www.apple.com/support,0
http://verify-info-73473.net/authenticate?id=785,1
https://www.yahoo.com/home,0
https://www.github.com/settings?session_id=753520,0
http://auth-info-16107.net/authenticate?id=1159,1
https://www.facebook.com/support,0
http://verify-info-87515.net/authenticate?id=2023,1
https://www.facebook.com/,0
https://www.facebook.com/dashboard?session_id=680513,0
https://roblox.com.ge/users/725822301/profile,1
https://www.github.com/dashboard,0
http://service-info-9844.net/authenticate?id=1663,1
https://www.spotify.com/settings,0
http://auth-info-44956.net/authenticate?id=394,1
https://www.pinterest.com/settings?session_id=958884,0
http://banking-info-12680.net/authenticate?id=1189,1
http://account-info-73241.net/authenticate?id=1066,1
http://login-info-41014.net/authenticate?id=1266,1
https://www.youtube.com/,0
http://update-info-14343.net/authenticate?id=718,1
http://verify-info-87.net/authenticate?id=583,1
https://www.salesforce.com/about?session_id=979296,0
http://verify-info-65490.net/authenticate?id=1920,1
https://www.salesforce.com/about,0
http://verify-info-70795.net/authenticate?id=500,1
https://www.pinterest.com/home,0
https://www.twitch.tv/contact?session_id=187077,0
http://account-info-84364.net/authenticate?id=1415,1
http://helpdesk-info-19327.net/authenticate?id=746,1
http://auth-info-2723.net/authenticate?id=1263,1
http://banking-info-22218.net/authenticate?id=1585,1
https://www.pinterest.com/home,0
https://www.twitch.tv/about?session_id=391852,0
http://update-info-10587.net/authenticate?id=2009,1
http://login-info-1563.net/authenticate?id=605,1
https://www.spotify.com/settings,0
http://verify-info-63158.net/authenticate?id=304,1
https://www.facebook.com/profile,0
https://www.facebook.com/settings,0
https://www.pinterest.com/support,0
https://www.netflix.com/profile,0
https://www.linkedin.com/contact,0
https://www.yahoo.com/profile,0
http://account-info-16187.net/authenticate?id=118,1
https://komlimites.s3.us-east-005.backblazeb2.com/aumento.html,1
http://secure-info-24072.net/authenticate?id=153,1
https://www.ebay.com/home,0
https://www.microsoft.com/,0
https://www.facebook.com/profile,0
http://auth-info-51580.net/authenticate?id=470,1
https://www.youtube.com/support,0
http://login-info-80913.net/authenticate?id=529,1
http://banking-info-57027.net/authenticate?id=250,1
http://helpdesk-info-68467.net/authenticate?id=2144,1
https://www.amazon.com/contact?session_id=426775,0
https://www.zoom.us/home,0
https://www.instagram.com/home?session_id=549353,0
https://www.imdb.com/dashboard?session_id=88809,0
http://banking-info-15227.net/authenticate?id=305,1
http://auth-info-62437.net/authenticate?id=540,1
https://www.github.com/about,0
http://auth-info-89566.net/authenticate?id=218,1
https://www.instagram.com/dashboard?session_id=713651,0
https://hd365756.com/,1
https://leggr-livehelp.wixstudio.com/eng-us,1
http://update-info-745.net/authenticate?id=775,1
https://www.imdb.com/,0
http://helpdesk-info-16088.net/authenticate?id=456,1
http://login-info-47942.net/authenticate?id=1510,1
https://www.twitter.com/settings?session_id=895067,0
https://www.zoom.us/about?session_id=676874,0
https://www.twitter.com/settings,0
https://www.medium.com/support?session_id=273541,0
https://www.stackoverflow.com/dashboard?session_id=859357,0
https://www.ebay.com/support,0
http://helpdesk-info-66554.net/authenticate?id=1293,1
http://verify-info-65650.net/authenticate?id=1977,1
http://service-info-96224.net/authenticate?id=69,1
https://www.youtube.com/dashboard,0
https://www.medium.com/dashboard,0
https://www.github.com/home,0
https://www.linkedin.com/,0
https://www.pinterest.com/support,0
https://www.google.com/dashboard,0
https://www.twitter.com/dashboard,0
https://www.amazon.com/contact,0
https://www.youtube.com/profile,0
https://www.dropbox.com/about,0
https://www.reddit.com/about,0
http://login-info-85306.net/authenticate?id=524,1
https://www.reddit.com/,0
http://update-info-68630.net/authenticate?id=426,1
https://www.reddit.com/dashboard,0
https://www.netflix.com/profile?session_id=784719,0
https://www.stackoverflow.com/home,0
https://www.google.com/support,0
https://www.amazon.com/profile,0
http://account-info-22412.net/authenticate?id=1443,1
https://www.linkedin.com/settings?session_id=866391,0
https://www.google.com/home,0
http://update-info-61276.net/authenticate?id=1718,1
http://helpdesk-info-26254.net/authenticate?id=1195,1
http://service-info-64212.net/authenticate?id=186,1
https://www.facebook.com/contact,0
http://helpdesk-info-28336.net/authenticate?id=1821,1
https://www.dropbox.com/dashboard,0
https://www.google.com/about?session_id=343093,0
http://service-info-48793.net/authenticate?id=870,1
https://www.instagram.com/profile,0
https://www.youtube.com/?session_id=746611,0
https://www.linkedin.com/support?session_id=804373,0
https://www.spotify.com/home,0
http://account-info-16864.net/authenticate?id=30,1
https://www.twitter.com/?session_id=170530,0
https://www.microsoft.com/contact?session_id=687910,0
http://banking-info-84326.net/authenticate?id=1191,1
https://www.twitter.com/dashboard?session_id=924945,0
https://www.spotify.com/dashboard,0
https://www.salesforce.com/dashboard,0
http://auth-info-65590.net/authenticate?id=568,1
https://www.pinterest.com/contact?session_id=52992,0
https://www.twitter.com/support,0
https://www.amazon.com/about,0
http://banking-info-30869.net/authenticate?id=2027,1
http://update-info-78687.net/authenticate?id=806,1
http://auth-info-55626.net/authenticate?id=1699,1
http://login-info-52421.net/authenticate?id=1388,1
https://www.tumblr.com/,0
http://helpdesk-info-68246.net/authenticate?id=1387,1
http://update-info-4540.net/authenticate?id=467,1
http://account-info-26077.net/authenticate?id=807,1
http://account-info-87073.net/authenticate?id=532,1
http://auth-info-22831.net/authenticate?id=306,1
http://banking-info-47902.net/authenticate?id=2019,1
https://www.zoom.us/dashboard?session_id=157706,0
https://www.google.com/support,0
https://www.medium.com/contact,0
https://www.instagram.com/profile,0
https://www.ebay.com/home?session_id=470704,0
https://www.zoom.us/contact?session_id=221663,0
https://www.youtube.com/profile,0
http://helpdesk-info-82482.net/authenticate?id=1548,1
https://www.ebay.com/support,0
https://www.reddit.com/home,0
https://www.wikipedia.org/support?session_id=86308,0
http://login-info-33291.net/authenticate?id=1847,1
http://secure-info-81154.net/authenticate?id=48,1
https://www.wikipedia.org/support?session_id=890582,0
http://verify-info-85873.net/authenticate?id=427,1
http://update-info-29261.net/authenticate?id=1568,1
http://login-info-25330.net/authenticate?id=744,1
https://www.imdb.com/home,0
https://www.ebay.com/,0
http://secure-info-51493.net/authenticate?id=75,1
http://login-info-79461.net/authenticate?id=1864,1
http://account-info-1527.net/authenticate?id=714,1
https://www.zoom.us/dashboard?session_id=413033,0
https://www.amazon.com/?session_id=353390,0
https://www.twitch.tv/settings?session_id=421257,0
https://www.github.com/home,0
https://www.zoom.us/contact?session_id=234521,0
http://account-info-64821.net/authenticate?id=468,1
https://www.microsoft.com/profile,0
http://cloudfv.pages.dev/,1
https://www.netflix.com/about,0
https://www.facebook.com/settings,0
https://www.youtube.com/?session_id=720661,0
http://auth-info-81623.net/authenticate?id=682,1
https://www.twitter.com/dashboard,0
https://www.imdb.com/,0
http://service-info-51693.net/authenticate?id=867,1
http://pemuliha4n-akun-daana.cdex.my.id/,1
http://service-info-28481.net/authenticate?id=1156,1
http://auth-info-95621.net/authenticate?id=1109,1
http://secure-info-16403.net/authenticate?id=863,1
https://www.apple.com/settings,0
https://www.instagram.com/settings,0
https://www.amazon.com/dashboard?session_id=192822,0
http://verify-info-70981.net/authenticate?id=789,1
https://www.wikipedia.org/about,0
https://www.spotify.com/,0
http://helpdesk-info-3066.net/authenticate?id=46,1
https://www.netflix.com/home,0
https://www.medium.com/home?session_id=442300,0
https://www.yahoo.com/support,0
https://openledgerlive.wixstudio.com/usen,1
http://helpdesk-info-66512.net/authenticate?id=1792,1
http://login-info-43693.net/authenticate?id=1045,1
http://banking-info-75508.net/authenticate?id=1170,1
https://www.yahoo.com/,0
http://banking-info-58271.net/authenticate?id=166,1
https://www.tumblr.com/,0
http://update-info-93719.net/authenticate?id=687,1
http://service-info-62351.net/authenticate?id=1373,1
https://www.tumblr.com/profile,0
http://login-info-52192.net/authenticate?id=1595,1
https://www.ebay.com/dashboard,0
http://account-info-65654.net/authenticate?id=1148,1
http://account-info-5649.net/authenticate?id=373,1
http://helpdesk-info-17649.net/authenticate?id=786,1
https://www.twitter.com/dashboard,0
https://www.medium.com/profile,0
http://banking-info-35456.net/authenticate?id=45,1
http://login-info-69408.net/authenticate?id=100,1
https://www.salesforce.com/support,0
https://www.medium.com/about,0
https://www.wikipedia.org/settings,0
https://www.stackoverflow.com/dashboard?session_id=97865,0
http://verify-info-84720.net/authenticate?id=1601,1
http://account-info-81226.net/authenticate?id=2039,1
https://www.spotify.com/home,0
http://verify-info-88434.net/authenticate?id=1336,1
http://secure-info-12919.net/authenticate?id=1626,1
http://update-info-15691.net/authenticate?id=1098,1
https://www.amazon.com/profile?session_id=418029,0
http://www.is.gd/WQXy2u/,1
https://www.amazon.com/home?session_id=720411,0
https://www.pinterest.com/,0
https://www.dropbox.com/dashboard,0
http://update-info-69560.net/authenticate?id=1361,1
https://www.robiox.com.py/users/252826447446/profile,1
https://www.ebay.com/,0
http://auth-info-6205.net/authenticate?id=1497,1
http://deepthikanne.github.io/Netflix-Clone,1
http://update-info-15172.net/authenticate?id=1075,1
http://update-info-47093.net/authenticate?id=1564,1
https://www.instagram.com/dashboard,0
https://www.stackoverflow.com/settings?session_id=297945,0
http://auth-info-12537.net/authenticate?id=991,1
http://update-info-79914.net/authenticate?id=943,1
https://www.apple.com/support,0
http://verify-info-37385.net/authenticate?id=411,1
https://www.netflix.com/home,0
http://helpdesk-info-24051.net/authenticate?id=1458,1
http://helpdesk-info-10408.net/authenticate?id=2183,1
https://www.stackoverflow.com/dashboard,0
https://www.zoom.us/support,0
https://www.imdb.com/contact,0
http://secure-info-62702.net/authenticate?id=58,1
http://secure-info-86810.net/authenticate?id=1661,1
https://www.wikipedia.org/?session_id=704169,0
https://www.facebook.com/about,0
https://www.reddit.com/about,0
https://www.stackoverflow.com/,0
http://secure-info-94511.net/authenticate?id=1274,1
http://auth-info-68379.net/authenticate?id=1131,1
http://auth-info-64374.net/authenticate?id=535,1
http://login-info-1768.net/authenticate?id=1530,1
https://www.tumblr.com/about,0
https://www.facebook.com/settings?session_id=216512,0
https://www.dropbox.com/settings?session_id=283905,0
http://secure-info-53835.net/authenticate?id=17,1
http://service-info-91811.net/authenticate?id=955,1
https://www.twitch.tv/profile,0
https://www.netflix.com/,0
http://auth-info-12707.net/authenticate?id=1738,1
http://secure-info-43634.net/authenticate?id=481,1
https://www.instagram.com/dashboard,0
https://www.reddit.com/?session_id=26297,0
https://www.reddit.com/profile,0
https://www.zoom.us/profile,0
http://verify-info-33877.net/authenticate?id=520,1
https://www.imdb.com/support,0
https://www.wikipedia.org/profile,0
http://verify-info-28932.net/authenticate?id=272,1
https://www.wikipedia.org/,0
https://www.linkedin.com/home,0
https://www.github.com/settings?session_id=589899,0
https://www.netflix.com/support?session_id=478579,0
https://www.twitter.com/contact,0
http://account-info-62050.net/authenticate?id=989,1
https://www.netflix.com/?session_id=778569,0
https://www.dropbox.com/support,0
https://www.github.com/dashboard,0
http://service-info-24073.net/authenticate?id=2116,1
http://service-info-41861.net/authenticate?id=607,1
https://www.instagram.com/home?session_id=1774,0
http://verify-info-46740.net/authenticate?id=1259,1
https://www.twitch.tv/contact?session_id=32554,0
https://www.dropbox.com/home?session_id=733896,0
https://www.spotify.com/settings,0
http://service-info-98821.net/authenticate?id=419,1
https://www.apple.com/settings,0
https://www.youtube.com/,0
http://helpdesk-info-54138.net/authenticate?id=685,1
https://ashishpal80.github.io/Netflix_Clone/,1
http://update-info-71266.net/authenticate?id=1828,1
https://www.zoom.us/profile,0
https://www.robiox.com.py/games/920587237/12X-Adopt-Me?privateServerLinkCode=316265317448736835628476923474,1
https://www.apple.com/profile?session_id=907927,0
https://www.twitter.com/settings,0
https://www.microsoft.com/support,0
http://secure-info-96308.net/authenticate?id=975,1
https://www.pinterest.com/profile,0
https://www.spotify.com/profile,0
https://www.instagram.com/?session_id=38698,0
http://verify-info-8213.net/authenticate?id=1057,1
http://auth-info-90258.net/authenticate?id=241,1
https://www.twitter.com/about,0
http://update-info-54397.net/authenticate?id=1870,1
http://banking-info-60757.net/authenticate?id=2106,1
https://www.linkedin.com/about,0
https://www.amazon.com/dashboard,0
http://helpdesk-info-12933.net/authenticate?id=1825,1
http://verify-info-28804.net/authenticate?id=2165,1
http://verify-info-6485.net/authenticate?id=516,1
https://www.zoom.us/profile,0
http://service-info-5231.net/authenticate?id=1927,1
https://www.amazon.com/about,0
http://login-info-43819.net/authenticate?id=683,1
http://secure-info-43256.net/authenticate?id=1478,1
http://login-info-90477.net/authenticate?id=2132,1
https://www.github.com/home,0
https://www.yahoo.com/dashboard?session_id=516618,0
http://login-info-28413.net/authenticate?id=1539,1
https://www.yahoo.com/dashboard,0
https://www.tumblr.com/home?session_id=925514,0
http://account-info-71006.net/authenticate?id=2168,1
https://www.wikipedia.org/contact,0
https://www.microsoft.com/settings?session_id=838555,0
https://www.microsoft.com/?session_id=88490,0
https://www.pinterest.com/,0
https://www.facebook.com/home,0
http://login-info-17388.net/authenticate?id=1406,1
http://auth-info-76051.net/authenticate?id=853,1
http://secure-info-41397.net/authenticate?id=1618,1
https://vitesh-webdeveloper.github.io/Netflix-Clone-Website/,1
https://www.spotify.com/dashboard,0
http://update-info-26146.net/authenticate?id=1606,1
https://amazon-clone-tan-two.vercel.app/,1
https://www.medium.com/dashboard?session_id=399737,0
https://www.amazon.com/settings?session_id=91742,0
http://helpdesk-info-36434.net/authenticate?id=710,1
https://www.pinterest.com/?session_id=36959,0
http://account-info-22923.net/authenticate?id=1542,1
https://www.stackoverflow.com/profile,0
https://www.pinterest.com/profile,0
http://service-info-58036.net/authenticate?id=490,1
https://www.salesforce.com/profile,0
http://login-info-89364.net/authenticate?id=1797,1
http://service-info-25768.net/authenticate?id=1454,1
http://auth-info-72819.net/authenticate?id=412,1
http://helpdesk-info-93487.net/authenticate?id=1375,1
http://update-info-64118.net/authenticate?id=1042,1
http://verify-info-1984.net/authenticate?id=608,1
https://www.tumblr.com/about,0
http://banking-info-21126.net/authenticate?id=1978,1
https://www.twitch.tv/settings,0
https://www.reddit.com/support,0
https://www.twitter.com/settings,0
http://secure-info-37566.net/authenticate?id=472,1
https://roblox.com.ge/users/4712527085/profile,1
https://www.twitch.tv/,0
http://secure-info-51012.net/authenticate?id=372,1
https://www.instagram.com/contact?session_id=940483,0
https://www.facebook.com/about,0
http://helpdesk-info-80910.net/authenticate?id=1685,1
https://www.stackoverflow.com/settings?session_id=79862,0
http://auth-info-83306.net/authenticate?id=80,1
https://www.yahoo.com/dashboard?session_id=763546,0
http://account-info-67696.net/authenticate?id=2150,1
http://secure-info-41749.net/authenticate?id=1523,1
https://www.tumblr.com/home,0
http://banking-info-16619.net/authenticate?id=397,1
https://www.stackoverflow.com/dashboard,0
http://verify-info-57968.net/authenticate?id=1094,1
https://www.twitter.com/home,0
http://verify-info-50806.net/authenticate?id=297,1
https://www.reddit.com/support?session_id=545409,0
http://login-info-14369.net/authenticate?id=2032,1
http://banking-info-19861.net/authenticate?id=588,1
https://www.dropbox.com/profile,0
https://mtasmskzxtntln.gitbook.io/,1
https://www.zoom.us/?session_id=20025,0
https://www.instagram.com/home,0
http://verify-info-80329.net/authenticate?id=445,1
http://banking-info-9195.net/authenticate?id=1183,1
https://www.medium.com/support,0
http://login-info-14446.net/authenticate?id=1570,1
https://www.spotify.com/,0
https://www.yahoo.com/support,0
http://service-info-48610.net/authenticate?id=1911,1
https://www.instagram.com/home?session_id=376951,0
https://www.youtube.com/contact,0
https://www.dropbox.com/home?session_id=989125,0
https://www.wikipedia.org/home,0
http://secure-info-72940.net/authenticate?id=1324,1
http://login-info-89925.net/authenticate?id=513,1
https://www.youtube.com/dashboard,0
http://update-info-96928.net/authenticate?id=2194,1
http://verify-info-67688.net/authenticate?id=1453,1
https://www.dropbox.com/support?session_id=438019,0
http://secure-info-3908.net/authenticate?id=1675,1
http://update-info-52625.net/authenticate?id=1553,1
http://login-info-82354.net/authenticate?id=932,1
https://www.pinterest.com/dashboard,0
http://login-info-68940.net/authenticate?id=1365,1
http://login-info-84413.net/authenticate?id=1859,1
http://tr.girisgalabet2026linki.vip/,1
http://banking-info-85869.net/authenticate?id=1939,1
https://www.google.com/settings?session_id=159453,0
https://www.twitch.tv/support,0
https://www.facebook.com/profile?session_id=84838,0
https://www.tumblr.com/settings,0
http://service-info-79374.net/authenticate?id=19,1
http://service-info-12112.net/authenticate?id=1346,1
http://login-info-9717.net/authenticate?id=1380,1
https://www.netflix.com/settings,0
http://secure-info-15977.net/authenticate?id=1475,1
http://helpdesk-info-74352.net/authenticate?id=2138,1
http://update-info-84802.net/authenticate?id=2188,1
http://secure-info-97756.net/authenticate?id=1213,1
http://auth-info-12495.net/authenticate?id=1021,1
http://auth-info-31605.net/authenticate?id=1567,1
https://www.youtube.com/home?session_id=218235,0
https://www.reddit.com/profile,0
http://verify-info-28085.net/authenticate?id=1338,1
https://www.twitch.tv/about?session_id=618823,0
https://www.spotify.com/,0
https://www.github.com/about,0
https://www.reddit.com/dashboard,0
http://update-info-52522.net/authenticate?id=796,1
https://www.spotify.com/home,0
http://verify-info-90834.net/authenticate?id=1925,1
http://account-info-31788.net/authenticate?id=1972,1
https://www.linkedin.com/settings,0
http://login-info-69180.net/authenticate?id=237,1
http://secure-info-32629.net/authenticate?id=1028,1
https://www.ebay.com/about,0
https://www.ebay.com/contact,0
https://www.linkedin.com/profile,0
https://www.reddit.com/,0
http://banking-info-49045.net/authenticate?id=1677,1
https://www.pinterest.com/home,0
https://www.stackoverflow.com/profile,0
http://verify-info-97981.net/authenticate?id=619,1
http://login-info-95482.net/authenticate?id=709,1
https://www.tumblr.com/about?session_id=135732,0
https://www.linkedin.com/dashboard?session_id=934615,0
https://www.zoom.us/home,0
https://www.zoom.us/settings,0
http://login-info-75325.net/authenticate?id=2133,1
https://www.reddit.com/settings,0
https://roblox.com.ge/users/5684983498/profile,1
https://ntade-2.cfd/review/exreview/,1
http://facebook.matheusquirino.com/,1
http://login-info-90643.net/authenticate?id=1573,1
https://www.twitter.com/support?session_id=882789,0
https://www.facebook.com/about,0
https://corporatefreightdelivery.com/education_redirect_second?8c5781c2-7b1e-4035-b1d7-990e269e5380,1
https://www.yahoo.com/settings,0
http://banking-info-23157.net/authenticate?id=764,1
https://mayurbhong.github.io/Amazon-Clone/,1
https://www.pinterest.com/home,0
http://helpdesk-info-72575.net/authenticate?id=1264,1
http://helpdesk-info-85815.net/authenticate?id=1480,1
https://www.wikipedia.org/profile,0
https://www.linkedin.com/dashboard?session_id=306218,0
http://login-info-39786.net/authenticate?id=1393,1
https://www.facebook.com/dashboard,0
https://www.stackoverflow.com/,0
http://auth-info-47529.net/authenticate?id=549,1
https://www.wikipedia.org/,0
https://www.dropbox.com/support?session_id=888108,0
http://auth-info-86377.net/authenticate?id=1884,1
http://account-info-11045.net/authenticate?id=424,1
http://verify-info-69118.net/authenticate?id=1615,1
https://www.yahoo.com/about,0
http://login-info-49276.net/authenticate?id=111,1
https://anisha-s26.github.io/Amazon-Clone/,1
https://www.microsoft.com/about,0
http://www.facebook.matheusquirino.com/,1
https://www.netflix.com/support,0
https://www.instagram.com/support,0
http://auth-info-67575.net/authenticate?id=173,1
https://www.google.com/dashboard,0
https://www.amazon.com/profile,0
https://www.twitter.com/dashboard?session_id=902890,0
http://service-info-79331.net/authenticate?id=1257,1
http://update-info-12186.net/authenticate?id=1830,1
https://www.salesforce.com/contact,0
http://verify-info-53786.net/authenticate?id=1578,1
https://www.twitter.com/contact,0
https://www.zoom.us/home?session_id=1440,0
https://www.imdb.com/settings,0
https://www.github.com/about,0
https://www.twitter.com/settings,0
http://helpdesk-info-64347.net/authenticate?id=1025,1
https://www.tumblr.com/,0
https://www.github.com/?session_id=529727,0
http://update-info-52605.net/authenticate?id=177,1
http://login-info-66419.net/authenticate?id=1584,1
https://www.amazon.com/dashboard,0
http://helpdesk-info-34674.net/authenticate?id=1395,1
https://www.reddit.com/home,0
http://update-info-9171.net/authenticate?id=1555,1
https://www.twitch.tv/home,0
https://www.apple.com/settings?session_id=858147,0
http://service-info-50862.net/authenticate?id=1117,1
https://www.apple.com/settings,0
http://secure-info-73001.net/authenticate?id=1611,1
http://secure-info-38928.net/authenticate?id=236,1
https://www.wikipedia.org/,0
http://account-info-30086.net/authenticate?id=1697,1
http://login-info-79962.net/authenticate?id=1748,1
https://www.medium.com/support?session_id=591025,0
http://account-info-16791.net/authenticate?id=1842,1
http://secure-info-54907.net/authenticate?id=699,1
https://www.zoom.us/profile,0
http://login-info-52327.net/authenticate?id=1965,1
http://service-info-58916.net/authenticate?id=1975,1
http://auth-info-36026.net/authenticate?id=1947,1
http://verify-info-80514.net/authenticate?id=2013,1
http://login-info-85562.net/authenticate?id=990,1
http://account-info-96895.net/authenticate?id=2044,1
http://secure-info-20177.net/authenticate?id=1087,1
http://account-info-12860.net/authenticate?id=2084,1
http://secure-info-34283.net/authenticate?id=1127,1
http://login-info-73566.net/authenticate?id=1032,1
https://www.instagram.com/support,0
https://www.linkedin.com/home,0
https://www.twitter.com/settings?session_id=750135,0
https://www.salesforce.com/home,0
http://login-info-22251.net/authenticate?id=157,1
http://account-info-79164.net/authenticate?id=1926,1
https://www.facebook.com/settings?session_id=864132,0
http://helpdesk-info-26608.net/authenticate?id=735,1
https://easy-bank-landing-page-weblytic.vercel.app/,1
http://helpdesk-info-17725.net/authenticate?id=1194,1
https://www.facebook.com/support,0
https://www.pinterest.com/home,0
https://www.salesforce.com/about,0
http://service-info-17505.net/authenticate?id=1222,1
http://banking-info-14541.net/authenticate?id=156,1
https://www.apple.com/?session_id=97576,0
https://www.ebay.com/about,0
https://www.facebook.com/home,0
http://auth-info-31381.net/authenticate?id=1314,1
http://verify-info-18161.net/authenticate?id=536,1
http://auth-info-92944.net/authenticate?id=1350,1
http://auth-info-26655.net/authenticate?id=678,1
https://www.facebook.com/?session_id=908757,0
https://www.zoom.us/contact,0
https://www.twitter.com/home,0
http://helpdesk-info-64400.net/authenticate?id=724,1
https://www.wikipedia.org/contact?session_id=81509,0
https://www.pinterest.com/home?session_id=274684,0
http://account-info-6037.net/authenticate?id=1831,1
http://helpdesk-info-69141.net/authenticate?id=1557,1
http://secure-info-25725.net/authenticate?id=1968,1
https://www.microsoft.com/contact,0
https://www.linkedin.com/,0
http://service-info-98481.net/authenticate?id=1820,1
http://login-info-22237.net/authenticate?id=2157,1
http://verify-info-52914.net/authenticate?id=848,1
http://verify-info-84275.net/authenticate?id=2101,1
https://www.facebook.com/about,0
https://uphelp.zapier.app/,1
https://www.facebook.com/contact?session_id=873053,0
https://www.google.com/support,0
https://www.linkedin.com/home,0
https://www.twitch.tv/home,0
https://smtp.romtelecom.net/?horde=ms5vufpvj5q02q1n45rot11mp7&,1
https://www.reddit.com/settings?session_id=393886,0
https://www.dropbox.com/contact,0
https://www.amazon.com/dashboard,0
https://chroome-ext-conbse.framer.ai/,1
https://cybermati.co.uk/showcase_h/DemoSites_h/facebook/indexx.html,1
https://www.zoom.us/home?session_id=876932,0
https://www.yahoo.com/,0
https://metaamskloggus.gitbook.io/us,1
https://www.dropbox.com/settings?session_id=625874,0
http://secure-info-46207.net/authenticate?id=410,1
http://auth-info-97077.net/authenticate?id=1243,1
https://www.pinterest.com/contact?session_id=958973,0
http://auth-info-45254.net/authenticate?id=493,1
https://www.apple.com/support,0
http://login-info-59496.net/authenticate?id=1991,1
http://account-info-40669.net/authenticate?id=726,1
https://www.youtube.com/,0
https://www.salesforce.com/,0
http://service-info-30256.net/authenticate?id=1214,1
http://helpdesk-info-62591.net/authenticate?id=556,1
https://www.spotify.com/about?session_id=358244,0
http://auth-info-21759.net/authenticate?id=476,1
http://secure-info-61345.net/authenticate?id=508,1
https://www.reddit.com/settings,0
http://account-info-12502.net/authenticate?id=919,1
https://www.apple.com/?session_id=630901,0
https://www.stackoverflow.com/contact,0
https://www.netflix.com/dashboard,0
https://adityaranjan05.github.io/Netflix-Clone/,1
http://helpdesk-info-98804.net/authenticate?id=181,1
https://www.netflix.com/contact,0
https://www.youtube.com/settings,0
http://account-info-26046.net/authenticate?id=420,1
https://nadivana.id/xfinity,1
https://www.ebay.com/profile?session_id=859413,0
http://phiscientificholdings.com/2513501.doc/18a80a/fad0f483-81b2-45c6-ad47-7272058d9cb6,1
https://www.reddit.com/dashboard,0
https://www.pinterest.com/home,0
http://verify-info-40799.net/authenticate?id=288,1
https://www.twitch.tv/dashboard?session_id=173370,0
https://www.facebook.com/profile?session_id=706595,0
http://account-info-37444.net/authenticate?id=1594,1
http://update-info-10618.net/authenticate?id=509,1
https://emilemoraes.github.io/Netflix-Clone-,1
http://account-info-84900.net/authenticate?id=1126,1
https://h109y.xyz/home,1
http://banking-info-5828.net/authenticate?id=1429,1
https://www.spotify.com/?session_id=978215,0
https://www.netflix.com/,0
http://secure-info-153.net/authenticate?id=1291,1
https://nnyrlalcv.top/?secure_connect=241*fc*&_subid=1ane3j4.f.biar&_token=39qaamu754usa.1775978423.1.8fa05fef3db3372555101a883b503671/,1
https://www.twitch.tv/dashboard?session_id=16737,0
https://www.imdb.com/settings?session_id=953875,0
https://www.medium.com/settings,0
http://login-info-36422.net/authenticate?id=1707,1
http://verify-info-9136.net/authenticate?id=647,1
https://www.twitch.tv/home,0
https://www.github.com/settings?session_id=815017,0
https://www.imdb.com/dashboard?session_id=841781,0
https://www.amazon.com/dashboard?session_id=883502,0
http://helpdesk-info-3856.net/authenticate?id=602,1
https://www.tumblr.com/support,0
https://www.ebay.com/settings?session_id=633147,0
https://www.instagram.com/dashboard,0
http://service-info-51680.net/authenticate?id=1446,1
http://account-info-93842.net/authenticate?id=2173,1
http://auth-info-23375.net/authenticate?id=582,1
http://secure-info-9386.net/authenticate?id=1452,1
http://service-info-89505.net/authenticate?id=396,1
http://secure-info-15862.net/authenticate?id=704,1
http://login-info-63516.net/authenticate?id=1303,1
http://update-info-96533.net/authenticate?id=1916,1
http://auth-info-72254.net/authenticate?id=40,1
https://www.netflix.com/,0
https://www.twitch.tv/?session_id=513166,0
https://www.instagram.com/about?session_id=409998,0
https://www.yahoo.com/settings,0
https://www.amazon.com/home?session_id=66308,0
https://www.instagram.com/settings?session_id=980447,0
http://helpdesk-info-76027.net/authenticate?id=131,1
https://www.dropbox.com/contact?session_id=914919,0
http://helpdesk-info-65781.net/authenticate?id=818,1
https://roblox.mq/users/6129190899/profile,1
http://login-info-89732.net/authenticate?id=553,1
https://www.dropbox.com/about,0
https://www.facebook.com/dashboard,0
http://helpdesk-info-42494.net/authenticate?id=2062,1
http://account-info-66409.net/authenticate?id=1317,1
https://www.salesforce.com/support,0
http://secure-info-86310.net/authenticate?id=1082,1
https://www.wikipedia.org/support?session_id=179468,0
http://helpdesk-info-49637.net/authenticate?id=778,1
https://www.youtube.com/home,0
http://login-info-201.net/authenticate?id=913,1
https://www.netflix.com/home,0
https://www.medium.com/about,0
http://account-info-32073.net/authenticate?id=1899,1
https://www.netflix.com/?session_id=963978,0
https://www.github.com/dashboard,0
http://helpdesk-info-56128.net/authenticate?id=1937,1
http://auth-info-19607.net/authenticate?id=1196,1
http://account-info-45443.net/authenticate?id=1329,1
https://www.instagram.com/profile,0
http://verify-info-52214.net/authenticate?id=1277,1
https://www.zoom.us/settings,0
http://service-info-43822.net/authenticate?id=193,1
http://update-info-64333.net/authenticate?id=1667,1
http://secure-info-98587.net/authenticate?id=1670,1
https://www.microsoft.com/profile,0
https://www.tumblr.com/settings,0
https://www.ebay.com/about,0
http://update-info-84850.net/authenticate?id=1456,1
http://verify-info-53151.net/authenticate?id=1558,1
http://account-info-66633.net/authenticate?id=200,1
http://account-info-35103.net/authenticate?id=813,1
http://login-info-68187.net/authenticate?id=209,1
https://www.ebay.com/profile,0
http://helpdesk-info-41757.net/authenticate?id=1664,1
http://auth-info-67565.net/authenticate?id=1526,1
http://verify-info-45798.net/authenticate?id=319,1
https://www.instagram.com/home,0
http://update-info-60190.net/authenticate?id=700,1
http://banking-info-56406.net/authenticate?id=1134,1
http://account-info-25177.net/authenticate?id=2077,1
http://auth-info-52012.net/authenticate?id=315,1
http://account-info-81078.net/authenticate?id=127,1
https://www.salesforce.com/support,0
http://helpdesk-info-77938.net/authenticate?id=1936,1
https://www.google.com/about,0
https://zuker-ch.cyou/login/,1
https://a.gobookroom.com/,1
http://login-info-36008.net/authenticate?id=650,1
https://hungvudragon-cpu.github.io/cinemaxyz/,1
https://www.instagram.com/,0
https://www.instagram.com/about?session_id=897701,0
http://helpdesk-info-5426.net/authenticate?id=1726,1
https://www.google.com/contact,0
https://www.github.com/home,0
http://update-info-76334.net/authenticate?id=1648,1
http://banking-info-45494.net/authenticate?id=1561,1
http://account-info-80612.net/authenticate?id=1389,1
https://www.apple.com/settings,0
http://secure-info-46607.net/authenticate?id=897,1
https://www.zoom.us/contact?session_id=166393,0
https://www.amazon.com/profile?session_id=863410,0
https://www.youtube.com/contact,0
https://www.imdb.com/profile?session_id=708075,0
http://verify-info-68872.net/authenticate?id=452,1
http://secure-info-96847.net/authenticate?id=1413,1
http://helpdesk-info-32949.net/authenticate?id=1822,1
https://www.linkedin.com/support,0
https://www.yahoo.com/,0
https://www.ebay.com/about?session_id=332745,0
https://www.google.com/support,0
http://update-info-75548.net/authenticate?id=969,1
https://www.microsoft.com/support,0
https://www.spotify.com/dashboard?session_id=211411,0
https://www.medium.com/about,0
https://www.stackoverflow.com/home,0
http://update-info-3824.net/authenticate?id=1450,1
https://www.twitch.tv/profile?session_id=855353,0
http://update-info-80160.net/authenticate?id=521,1
https://www.twitch.tv/dashboard,0
http://auth-info-11012.net/authenticate?id=1287,1
http://coral-app-u286c.ondigitalocean.app/,1
https://www.reddit.com/dashboard,0
http://auth-info-49341.net/authenticate?id=1833,1
https://www.linkedin.com/dashboard,0
https://web2.pancake.run/info/v3/tokens/0xe6df05ce8c8301223373cf5b969afcb1498c5528,1
http://verify-info-37836.net/authenticate?id=1437,1
http://login-info-51756.net/authenticate?id=36,1
http://helpdesk-info-34019.net/authenticate?id=1639,1
https://www.ebay.com/profile,0
https://www.tumblr.com/contact,0
https://www.medium.com/profile?session_id=50325,0
https://www.yahoo.com/home,0
http://helpdesk-info-93020.net/authenticate?id=577,1
https://www.zoom.us/about,0
http://service-info-9504.net/authenticate?id=459,1
https://www.zoom.us/contact,0
https://www.tumblr.com/support?session_id=160971,0
https://chiku666.github.io/amazon-clone,1
https://www.twitch.tv/contact,0
http://banking-info-40496.net/authenticate?id=2068,1
https://www.spotify.com/home,0
https://www.pinterest.com/about,0
http://banking-info-87718.net/authenticate?id=1423,1
http://banking-info-73877.net/authenticate?id=1083,1
http://update-info-25394.net/authenticate?id=212,1
http://login-info-23280.net/authenticate?id=580,1
http://secure-info-2826.net/authenticate?id=876,1
https://www.github.com/profile?session_id=507696,0
http://update-info-54301.net/authenticate?id=1491,1
http://auth-info-30838.net/authenticate?id=2065,1
https://www.facebook.com/contact,0
https://www.wikipedia.org/about,0
https://www.reddit.com/profile?session_id=851505,0
http://auth-info-44888.net/authenticate?id=1976,1
https://www.wikipedia.org/settings,0
http://service-info-97765.net/authenticate?id=391,1
https://www.spotify.com/settings,0
http://service-info-67576.net/authenticate?id=428,1
https://www.imdb.com/about,0
http://account-info-71996.net/authenticate?id=1169,1
https://www.salesforce.com/support,0
https://www.salesforce.com/about,0
https://www.reddit.com/contact?session_id=693497,0
http://helpdesk-info-69668.net/authenticate?id=1223,1
http://update-info-91659.net/authenticate?id=1680,1
http://verify-info-88498.net/authenticate?id=93,1
http://login-info-94160.net/authenticate?id=1171,1
http://sujarajan1725.github.io/clone,1
http://banking-info-32143.net/authenticate?id=1950,1
http://update-info-84320.net/authenticate?id=552,1
http://secure-info-39465.net/authenticate?id=2163,1
https://www.imdb.com/dashboard,0
https://www.youtube.com/profile,0
https://www.youtube.com/?session_id=286666,0
https://www.pinterest.com/home,0
https://www.youtube.com/dashboard,0
https://www.pinterest.com/contact?session_id=285421,0
https://www.github.com/contact,0
http://verify-info-50916.net/authenticate?id=2046,1
https://www.twitch.tv/contact?session_id=18667,0
https://auth356usngwd0c85bdrvsharepoint.capitolelectrics.com/,1
https://www.medium.com/?session_id=346493,0
http://helpdesk-info-87818.net/authenticate?id=1540,1
http://banking-info-74913.net/authenticate?id=644,1
http://update-info-75345.net/authenticate?id=341,1
https://www.microsoft.com/?session_id=898706,0
https://www.linkedin.com/settings,0
https://www.netflix.com/about,0
http://banking-info-83768.net/authenticate?id=1065,1
https://www.yahoo.com/contact?session_id=197693,0
http://banking-info-17071.net/authenticate?id=515,1
https://www.tumblr.com/profile,0
https://www.youtube.com/home,0
http://helpdesk-info-44499.net/authenticate?id=960,1
https://www.zoom.us/profile,0
http://login-info-12164.net/authenticate?id=195,1
https://www.tumblr.com/profile?session_id=100850,0
https://www.imdb.com/about,0
https://www.pinterest.com/dashboard?session_id=398898,0
https://www.wikipedia.org/settings,0
https://www.facebook.com/dashboard,0
https://www.wikipedia.org/home?session_id=453932,0
https://www.medium.com/about,0
https://www.facebook.com/about?session_id=121346,0
http://account-info-97599.net/authenticate?id=1552,1
https://www.wikipedia.org/settings?session_id=437901,0
https://www.tumblr.com/about,0
https://www.yahoo.com/home?session_id=555917,0
https://www.imdb.com/profile,0
https://www.apple.com/home,0
http://banking-info-45670.net/authenticate?id=1141,1
https://www.tumblr.com/settings,0
http://login-info-25609.net/authenticate?id=1023,1
https://mauggz.github.io/hackbbva2019/,1
http://verify-info-17062.net/authenticate?id=1292,1
https://www.zoom.us/support,0
http://auth-info-57698.net/authenticate?id=11,1
http://verify-info-39051.net/authenticate?id=379,1
http://service-info-2427.net/authenticate?id=964,1
https://www.youtube.com/support,0
https://www.github.com/settings?session_id=188137,0
https://www.wikipedia.org/support,0
https://www.pinterest.com/support?session_id=876696,0
https://www.salesforce.com/home,0
http://update-info-18975.net/authenticate?id=803,1
http://update-info-14737.net/authenticate?id=2160,1
https://www.spotify.com/settings,0
http://helpdesk-info-22487.net/authenticate?id=571,1
http://service-info-72258.net/authenticate?id=1155,1
http://account-info-5663.net/authenticate?id=1089,1
https://www.ebay.com/profile,0
https://www.pinterest.com/support,0
http://auth-info-48607.net/authenticate?id=1136,1
https://www.netflix.com/about,0
https://www.microsoft.com/,0
http://kyxn.dev/s/9QRUf4,1
http://account-info-7308.net/authenticate?id=1636,1
http://verify-info-84734.net/authenticate?id=1201,1
https://www.spotify.com/contact?session_id=462603,0
https://www.tumblr.com/contact,0
http://helpdesk-info-20383.net/authenticate?id=563,1
https://www.spotify.com/profile,0
http://update-info-55676.net/authenticate?id=1238,1
https://www.purchaseordersale.com.wellscreditfargo.com/,1
https://www.medium.com/profile,0
https://www.microsoft.com/dashboard,0
http://helpdesk-info-72432.net/authenticate?id=317,1
https://www.tumblr.com/?session_id=948665,0
http://auth-info-52245.net/authenticate?id=2167,1
https://www.wikipedia.org/support?session_id=477517,0
https://www.imdb.com/home?session_id=818732,0
https://www.linkedin.com/dashboard?session_id=293616,0
http://update-info-15849.net/authenticate?id=188,1
https://www.linkedin.com/dashboard,0
https://www.wikipedia.org/settings,0
https://www.facebook.com/home,0
http://banking-info-96433.net/authenticate?id=878,1
https://www.apple.com/profile,0
https://www.ebay.com/profile,0
http://banking-info-34852.net/authenticate?id=822,1
http://banking-info-29981.net/authenticate?id=1181,1
https://www.imdb.com/about,0
https://www.google.com/home,0
https://www.twitch.tv/support,0
http://verify-info-67353.net/authenticate?id=1656,1
http://login-info-89975.net/authenticate?id=2029,1
http://dana4iindoonesiax.evin.my.id/,1
https://www.twitch.tv/about,0
http://account-info-19501.net/authenticate?id=270,1
https://www.netflix.com/dashboard?session_id=806279,0
https://www.youtube.com/about?session_id=211049,0
http://login-info-68336.net/authenticate?id=1016,1
http://account-info-15697.net/authenticate?id=1961,1
https://www.twitter.com/contact,0
https://www.netflix.com/support,0
https://www.apple.com/support?session_id=692658,0
https://www.tumblr.com/settings,0
https://www.imdb.com/dashboard,0
https://purchaseordersale.com.wellscreditfargo.com/,1
http://helpdesk-info-92852.net/authenticate?id=1529,1
http://f-case-feedback-appeal.github.io/uji/,1
http://helpdesk-info-56026.net/authenticate?id=180,1
https://www.imdb.com/,0
http://login-info-39318.net/authenticate?id=1660,1
https://www.apple.com/profile,0
http://secure-info-3736.net/authenticate?id=1001,1
https://www.reddit.com/profile,0
http://update-info-22896.net/authenticate?id=1355,1
http://auth-info-36151.net/authenticate?id=2006,1
http://login-info-61376.net/authenticate?id=441,1
https://www.linkedin.com/support?session_id=631413,0
http://verify-info-18640.net/authenticate?id=996,1
http://verify-info-65454.net/authenticate?id=1512,1
https://www.github.com/about,0
http://banking-info-4995.net/authenticate?id=564,1
http://banking-info-57176.net/authenticate?id=852,1
https://www.twitch.tv/settings,0
https://www.imdb.com/contact?session_id=858041,0
http://auth-info-93153.net/authenticate?id=2159,1
http://secure-info-26753.net/authenticate?id=752,1
http://helpdesk-info-56189.net/authenticate?id=544,1
http://banking-info-63743.net/authenticate?id=2180,1
https://www.amazon.com/profile,0
http://banking-info-22048.net/authenticate?id=284,1
https://recover-account.live/liV,1
https://www.tumblr.com/settings?session_id=302669,0
https://www.facebook.com/?session_id=264823,0
https://www.varch.com.au/css/docusiign/,1
http://banking-info-73710.net/authenticate?id=1729,1
http://account-info-37106.net/authenticate?id=1219,1
https://www.amazon.com/about,0
http://verify-info-41415.net/authenticate?id=1432,1
http://helpdesk-info-11493.net/authenticate?id=1474,1
https://www.stackoverflow.com/,0
http://verify-info-90620.net/authenticate?id=2122,1
https://www.youtube.com/settings,0
https://roblox.com.ug/users/6447115331/profile,1
http://update-info-58892.net/authenticate?id=3,1
https://www.netflix.com/about?session_id=755996,0
https://www.instagram.com/dashboard,0
https://www.tumblr.com/settings,0
https://www.instagram.com/about,0
https://www.linkedin.com/,0
https://www.medium.com/profile?session_id=837385,0
http://auth-info-3859.net/authenticate?id=184,1
https://www.ebay.com/contact,0
http://service-info-96261.net/authenticate?id=916,1
http://login-info-55677.net/authenticate?id=81,1
http://auth-info-56481.net/authenticate?id=950,1
http://account-info-9643.net/authenticate?id=1328,1
https://www.dropbox.com/support,0
https://www.reddit.com/profile?session_id=248127,0
https://www.spotify.com/settings?session_id=642475,0
https://www.zoom.us/support,0
https://www.linkedin.com/support,0
http://account-info-23163.net/authenticate?id=1323,1
http://update-info-93819.net/authenticate?id=1174,1
http://helpdesk-info-63486.net/authenticate?id=1093,1
https://www.ebay.com/contact,0
http://banking-info-50518.net/authenticate?id=1208,1
https://www.wikipedia.org/profile,0
http://helpdesk-info-38699.net/authenticate?id=1826,1
http://verify-info-26930.net/authenticate?id=1770,1
http://helpdesk-info-19592.net/authenticate?id=1538,1
http://banking-info-14986.net/authenticate?id=1596,1
https://www.wikipedia.org/dashboard,0
https://www.spotify.com/about?session_id=256799,0
https://www.linkedin.com/dashboard,0
http://secure-info-37611.net/authenticate?id=1313,1
https://www.wikipedia.org/about?session_id=671722,0
https://www.salesforce.com/contact?session_id=886030,0
http://secure-info-23030.net/authenticate?id=327,1
http://banking-info-74708.net/authenticate?id=1038,1
http://account-info-89848.net/authenticate?id=211,1
https://www.imdb.com/support?session_id=766085,0
https://www.microsoft.com/?session_id=359187,0
http://verify-info-11039.net/authenticate?id=1691,1
http://auth-info-21880.net/authenticate?id=1256,1
https://www.reddit.com/about,0
http://helpdesk-info-46903.net/authenticate?id=1765,1
https://www.instagram.com/contact,0
http://account-info-48970.net/authenticate?id=1995,1
http://auth-info-54378.net/authenticate?id=1354,1
https://www.spotify.com/settings,0
https://www.github.com/dashboard?session_id=984044,0
https://www.amazon.com/profile,0
https://www.instagram.com/,0
https://www.twitter.com/settings,0
https://www.netflix.com/contact,0
https://www.facebook.com/dashboard,0
http://banking-info-49103.net/authenticate?id=787,1
https://www.apple.com/dashboard?session_id=54058,0
https://www.ebay.com/settings,0
http://banking-info-90626.net/authenticate?id=966,1
https://www.apple.com/?session_id=431421,0
https://www.microsoft.com/dashboard,0
https://www.twitter.com/home,0
https://www.facebook.com/contact,0
http://banking-info-11014.net/authenticate?id=841,1
https://www.amazon.com/about,0
http://secure-info-90193.net/authenticate?id=1207,1
https://www.microsoft.com/home,0
http://helpdesk-info-34962.net/authenticate?id=254,1
https://www.google.com/profile?session_id=718738,0
http://login-info-24300.net/authenticate?id=550,1
http://en.surveytime.com.sg/2513501.doc/18a80a/fad0f483-81b2-45c6-ad47-7272058d9cb6,1
https://www.imdb.com/?session_id=367882,0
http://secure-info-20314.net/authenticate?id=1779,1
https://www.google.com/profile,0
http://auth-info-84292.net/authenticate?id=120,1
https://www.twitter.com/home,0
http://login-info-26902.net/authenticate?id=815,1
https://www.apple.com/dashboard?session_id=453231,0
http://service-info-12425.net/authenticate?id=4,1
https://www.medium.com/about,0
https://www.salesforce.com/contact,0
https://www.google.com/dashboard,0
http://account-info-44516.net/authenticate?id=380,1
https://www.pinterest.com/support?session_id=171887,0
https://www.wikipedia.org/profile,0
https://vpn-kryptering.dk/wp-includes/Text/dzireub/gfbthir/abhkudi/hwse/files/billing.php,1
https://www.twitch.tv/settings,0
https://www.twitch.tv/settings?session_id=379785,0
http://login-info-11090.net/authenticate?id=1754,1
http://login-info-41278.net/authenticate?id=326,1
http://service-info-64908.net/authenticate?id=1487,1
http://helpdesk-info-59708.net/authenticate?id=1659,1
http://metaamskloggus.gitbook.io/,1
https://www.imdb.com/settings,0
https://www.instagram.com/dashboard,0
http://login-info-5300.net/authenticate?id=2038,1
http://banking-info-49020.net/authenticate?id=1424,1
https://www.linkedin.com/settings,0
https://www.instagram.com/home,0
http://helpdesk-info-99532.net/authenticate?id=101,1
https://www.google.com/,0
http://login-info-70668.net/authenticate?id=1930,1
http://account-info-16321.net/authenticate?id=300,1
https://www.netflix.com/home?session_id=558991,0
https://www.pinterest.com/about,0
http://secure-info-96440.net/authenticate?id=758,1
http://banking-info-35931.net/authenticate?id=639,1
http://banking-info-52415.net/authenticate?id=463,1
https://netflix-clone-gray-three.vercel.app/,1
https://www.wikipedia.org/support,0
http://verify-info-30777.net/authenticate?id=899,1
https://www.facebook.com/contact?session_id=147589,0
http://service-info-31589.net/authenticate?id=2099,1
http://account-info-79965.net/authenticate?id=2096,1
http://secure-info-85881.net/authenticate?id=1070,1
https://www.spotify.com/settings,0
https://www.instagram.com/home,0
http://login-info-22332.net/authenticate?id=2063,1
https://www.linkedin.com/?session_id=752924,0
https://www.google.com/home?session_id=579052,0
http://account-info-67240.net/authenticate?id=1492,1
http://auth-info-36769.net/authenticate?id=246,1
https://www.zoom.us/support?session_id=185821,0
http://update-info-14644.net/authenticate?id=1154,1
http://verify-info-27067.net/authenticate?id=777,1
http://verify-info-54216.net/authenticate?id=1715,1
http://update-info-93661.net/authenticate?id=1312,1
https://www.apple.com/,0
https://www.yahoo.com/home,0
https://ribanholdlogip.gitbook.io/account,1
http://update-info-36293.net/authenticate?id=1882,1
https://www.netflix.com/dashboard,0
https://www.linkedin.com/support,0
http://banking-info-22232.net/authenticate?id=2089,1
http://update-info-30362.net/authenticate?id=538,1
https://www.instagram.com/,0
https://www.microsoft.com/?session_id=398519,0
http://update-info-60878.net/authenticate?id=1662,1
http://auth-info-18285.net/authenticate?id=1778,1
https://www.wikipedia.org/about,0
https://www.pinterest.com/support,0
http://secure-info-84794.net/authenticate?id=1116,1
http://vdhni4a34mgmixv3sozqnkquylzzgz73qczkceui7ichkghgkg3q.gatewaypie.com/qM7UcBvjDMReu5OzBqoUwvOTZ_uAsqESiPoEdRjmUbc,1
https://mnurkholish.github.io/Slicing-Web/,1
http://helpdesk-info-83801.net/authenticate?id=307,1
https://www.google.com/,0
http://auth-info-44995.net/authenticate?id=1904,1
http://banking-info-90887.net/authenticate?id=662,1
http://helpdesk-info-23014.net/authenticate?id=1414,1
http://account-info-76825.net/authenticate?id=278,1
https://www.ebay.com/home,0
http://roblox.net.pk/users/6650929438/profile,1
http://account-info-34347.net/authenticate?id=2035,1
http://auth-info-76720.net/authenticate?id=1536,1
http://service-info-25547.net/authenticate?id=129,1
http://service-info-3730.net/authenticate?id=1296,1
http://auth-info-59261.net/authenticate?id=55,1
http://login-info-27134.net/authenticate?id=491,1
http://helpdesk-info-63634.net/authenticate?id=102,1
https://www.youtube.com/?session_id=97374,0
http://verify-info-13961.net/authenticate?id=1518,1
https://www.medium.com/about,0
https://www.amazon.com/settings,0
http://update-info-81402.net/authenticate?id=8,1
http://verify-info-41732.net/authenticate?id=2002,1
http://login-info-51189.net/authenticate?id=1501,1
http://account-info-53211.net/authenticate?id=263,1
http://login-info-33755.net/authenticate?id=1215,1
http://update-info-68709.net/authenticate?id=915,1
http://helpdesk-info-3619.net/authenticate?id=1237,1
https://www.linkedin.com/home?session_id=742404,0
https://www.twitter.com/home,0
https://www.wikipedia.org/,0
http://banking-info-80716.net/authenticate?id=1101,1
http://account-info-56372.net/authenticate?id=116,1
http://banking-info-93627.net/authenticate?id=2175,1
https://www.github.com/support?session_id=130785,0
https://www.zoom.us/dashboard?session_id=425464,0
http://service-info-56002.net/authenticate?id=260,1
http://auth-info-45196.net/authenticate?id=791,1
https://www.tumblr.com/about,0
http://auth-info-51409.net/authenticate?id=253,1
http://eman-s-code.github.io/Netflix.clone-,1
http://secure-info-70857.net/authenticate?id=264,1
http://banking-info-185.net/authenticate?id=1239,1
https://web2.pancake.run/info/v3/tokens/0x997a58129890bbda032231a52ed1ddc845fc18e1,1
https://www.youtube.com/settings,0
https://www.twitch.tv/support,0
https://www.youtube.com/profile?session_id=41648,0
http://auth-info-76606.net/authenticate?id=514,1
http://login-info-28685.net/authenticate?id=2092,1
https://www.twitch.tv/support,0
http://verify-info-38858.net/authenticate?id=444,1
https://www.youtube.com/support?session_id=139214,0
http://auth-info-78805.net/authenticate?id=78,1
https://www.ebay.com/?session_id=647298,0
https://www.spotify.com/?session_id=669810,0
https://www.yahoo.com/about,0
https://www.apple.com/contact?session_id=3732,0
http://banking-info-14569.net/authenticate?id=1449,1
https://www.zoom.us/home,0
https://www.salesforce.com/contact,0
http://banking-info-2899.net/authenticate?id=234,1
https://www.amazon.com/settings,0
https://www.amazon.com/contact?session_id=417735,0
http://verify-info-53279.net/authenticate?id=27,1
https://www.amazon.com/contact,0
http://auth-info-86551.net/authenticate?id=930,1
https://www.spotify.com/?session_id=85336,0
http://shopee2237.blogspot.com/?m=1,1
https://www.apple.com/settings?session_id=806123,0
http://verify-info-9534.net/authenticate?id=595,1
http://verify-info-82202.net/authenticate?id=1786,1
http://auth-info-52401.net/authenticate?id=364,1
https://www.wikipedia.org/home,0
http://update-info-8679.net/authenticate?id=2093,1
https://www.instagram.com/home,0
https://www.zoom.us/support?session_id=913753,0
http://helpdesk-info-79833.net/authenticate?id=1723,1
https://www.yahoo.com/contact,0
https://www.wikipedia.org/support,0
http://auth-info-123.net/authenticate?id=1062,1
http://auth-info-47613.net/authenticate?id=871,1
https://www.medium.com/contact,0
https://www.google.com/,0
https://www.pinterest.com/support?session_id=910200,0
http://secure-info-28983.net/authenticate?id=1590,1
https://www.twitch.tv/home,0
https://www.reddit.com/home,0
http://service-info-82927.net/authenticate?id=1898,1
http://auth-info-28837.net/authenticate?id=1284,1
https://helpz-auth-trzxriostrtz.gitbook.io/us,1
https://www.imdb.com/home,0
https://www.salesforce.com/contact?session_id=730804,0
http://verify-info-80999.net/authenticate?id=1390,1
https://www.instagram.com/support?session_id=636228,0
http://verify-info-48839.net/authenticate?id=1401,1
http://service-info-97825.net/authenticate?id=214,1
http://secure-info-52248.net/authenticate?id=1879,1
http://account-info-92560.net/authenticate?id=2088,1
https://www.spotify.com/profile,0
https://www.imdb.com/,0
http://helpdesk-info-19156.net/authenticate?id=79,1
https://web2.pancake.run/info/v3/tokens/0x8d0d000ee44948fc98c9b98a4fa4921476f08b0d,1
https://www.yahoo.com/dashboard?session_id=710454,0
http://roblox.cd/users/3756573833/profile,1
https://www.amazon.com/about,0
https://www.zoom.us/dashboard,0
http://banking-info-37537.net/authenticate?id=984,1
http://helpdesk-info-81983.net/authenticate?id=773,1
http://verify-info-3429.net/authenticate?id=2021,1
https://www.youtube.com/support,0
https://www.stackoverflow.com/dashboard,0
http://update-info-8564.net/authenticate?id=1992,1
http://helpdesk-info-46087.net/authenticate?id=720,1
https://www.amazon.com/support?session_id=597554,0
http://service-info-29904.net/authenticate?id=708,1
https://www.github.com/dashboard,0
http://verify-info-27123.net/authenticate?id=2090,1
http://update-info-89807.net/authenticate?id=2126,1
http://auth-info-4368.net/authenticate?id=858,1
http://helpdesk-info-34373.net/authenticate?id=970,1
http://verify-info-35823.net/authenticate?id=1810,1
https://www.imdb.com/dashboard?session_id=258563,0
https://www.imdb.com/support,0
http://verify-info-49771.net/authenticate?id=2184,1
http://auth-info-84562.net/authenticate?id=864,1
https://www.robiox.com.py/users/431835929764/profile,1
https://www.facebook.com/support,0
https://www.ebay.com/support,0
http://banking-info-52375.net/authenticate?id=28,1
https://www.twitter.com/home,0
http://update-info-95871.net/authenticate?id=329,1
https://www.microsoft.com/about,0
https://www.imdb.com/support,0
https://www.reddit.com/,0
https://www.reddit.com/,0
https://www.yahoo.com/profile,0
https://www.linkedin.com/contact?session_id=690327,0
https://www.twitter.com/home,0
https://www.microsoft.com/dashboard,0
https://open-legderlive.wixstudio.com/en-us,1
https://www.salesforce.com/dashboard,0
https://www.apple.com/settings,0
https://www.stackoverflow.com/contact,0
http://account-info-12066.net/authenticate?id=1010,1
https://www.facebook.com/dashboard,0
http://helpdesk-info-37780.net/authenticate?id=1938,1
http://secure-info-98253.net/authenticate?id=378,1
http://service-info-10793.net/authenticate?id=198,1
http://update-info-52613.net/authenticate?id=951,1
https://www.tumblr.com/contact?session_id=414083,0
https://www.medium.com/home,0
http://secure-info-3059.net/authenticate?id=1960,1
http://banking-info-43431.net/authenticate?id=672,1
https://www.wikipedia.org/,0
http://helpdesk-info-92160.net/authenticate?id=89,1
https://www.stackoverflow.com/support,0
http://update-info-8121.net/authenticate?id=954,1
https://www.pinterest.com/dashboard,0
http://helpdesk-info-97743.net/authenticate?id=51,1
http://banking-info-50904.net/authenticate?id=1734,1
https://www.medium.com/,0
http://verify-info-50366.net/authenticate?id=621,1
https://www.ebay.com/profile,0
http://auth-info-99795.net/authenticate?id=256,1
http://treziowallm.webflow.io/,1
https://www.instagram.com/about,0
https://www.ebay.com/dashboard?session_id=726000,0
https://www.instagram.com/,0
https://www.ebay.com/profile,0
https://www.facebook.com/,0
http://account-info-26957.net/authenticate?id=673,1
https://www.apple.com/profile,0
https://www.dropbox.com/contact,0
https://www.zoom.us/home?session_id=357037,0
https://www.twitter.com/,0
https://www.apple.com/home?session_id=370414,0
https://www.stackoverflow.com/profile?session_id=95488,0
http://service-info-39416.net/authenticate?id=149,1
https://www.youtube.com/support,0
http://banking-info-50188.net/authenticate?id=1435,1
https://www.linkedin.com/support,0
http://secure-info-83387.net/authenticate?id=558,1
https://www.wikipedia.org/,0
https://www.youtube.com/settings,0
http://helpdesk-info-78708.net/authenticate?id=1917,1
http://auth-info-52836.net/authenticate?id=1836,1
https://www.twitch.tv/dashboard,0
https://www.tumblr.com/dashboard?session_id=752777,0
https://www.yahoo.com/dashboard,0
http://verify-info-82787.net/authenticate?id=689,1
https://www.netflix.com/profile,0
http://auth-info-59500.net/authenticate?id=721,1
http://auth-info-40155.net/authenticate?id=1205,1
https://www.stackoverflow.com/contact,0
https://www.github.com/about,0
https://www.instagram.com/support,0
https://www.stackoverflow.com/about,0
http://helpdesk-info-66772.net/authenticate?id=1088,1
https://www.google.com/home,0
https://www.medium.com/,0
https://www.reddit.com/dashboard,0
https://www.imdb.com/about?session_id=917627,0
https://www.amazon.com/profile?session_id=87994,0
http://banking-info-82695.net/authenticate?id=356,1
https://www.twitch.tv/home,0
https://www.google.com/about?session_id=445468,0
https://www.stackoverflow.com/contact,0
https://www.apple.com/,0
https://login.usaasecurepanel.com/,1
https://roblox.com.ge/users/9112860520/profile,1
http://auth-info-33777.net/authenticate?id=1190,1
http://helpdesk-info-65546.net/authenticate?id=1909,1
https://www.wikipedia.org/contact,0
https://www.reddit.com/home,0
https://www.github.com/support?session_id=37600,0
http://helpdesk-info-69342.net/authenticate?id=296,1
https://www.google.com/home?session_id=433948,0
https://www.imdb.com/home?session_id=818362,0
https://en-blocifi-user.pages.dev/,1
https://www.zoom.us/contact,0
https://www.apple.com/contact,0
http://account-info-68976.net/authenticate?id=34,1
https://www.medium.com/,0
http://auth-info-39747.net/authenticate?id=1945,1
https://www.microsoft.com/about,0
http://auth-info-60970.net/authenticate?id=1164,1
https://www.tumblr.com/contact,0
https://roblox.gs/users/7825586634/profile,1
https://suman7491.github.io/Assignment2/,1
https://www.amazon.com/contact,0
https://www.apple.com/dashboard?session_id=548377,0
http://banking-info-8957.net/authenticate?id=1695,1
http://helpdesk-info-28262.net/authenticate?id=834,1
http://verify-info-76073.net/authenticate?id=1022,1
http://update-info-71028.net/authenticate?id=1704,1
http://helpdesk-info-88131.net/authenticate?id=1378,1
https://www.wikipedia.org/support,0
http://account-info-28025.net/authenticate?id=1054,1
https://www.pinterest.com/settings?session_id=605160,0
https://www.netflix.com/support,0
http://auth-info-29773.net/authenticate?id=659,1
http://helpdesk-info-80295.net/authenticate?id=671,1
https://www.github.com/profile?session_id=151682,0
https://www.twitch.tv/about,0
https://www.dropbox.com/settings?session_id=420604,0
https://www.instagram.com/settings,0
http://update-info-90314.net/authenticate?id=1777,1
https://www.github.com/,0
http://account-info-71165.net/authenticate?id=1295,1
http://service-info-45795.net/authenticate?id=1915,1
http://update-info-80583.net/authenticate?id=842,1
https://www.spotify.com/contact,0
https://www.tumblr.com/settings,0
https://sanchi22k.github.io/netflix-clone/,1
http://update-info-46111.net/authenticate?id=1043,1
http://service-info-98117.net/authenticate?id=637,1
https://www.linkedin.com/profile?session_id=576607,0
http://verify-info-96063.net/authenticate?id=1281,1
https://www.amazon.com/settings?session_id=436610,0
https://www.dropbox.com/profile,0
http://verify-info-39804.net/authenticate?id=854,1
https://www.medium.com/,0
https://roblox.com.ug/games/126884695634066/Grow-a-Garden?privateServerLinkCode=54190116338864726929687674162361,1
http://update-info-13851.net/authenticate?id=766,1
https://www.github.com/about?session_id=26618,0
http://update-info-65508.net/authenticate?id=762,1
https://www.apple.com/settings,0
https://www.yahoo.com/settings?session_id=791732,0
https://www.pinterest.com/about,0
https://www.linkedin.com/settings,0
https://www.netflix.com/profile?session_id=463792,0
http://secure-info-73032.net/authenticate?id=446,1
http://banking-info-33243.net/authenticate?id=657,1
https://www.yahoo.com/support,0
http://helpdesk-info-58734.net/authenticate?id=1522,1
http://usaasecurepanel.com/login.usaasecurepanel.com/e/,1
https://www.google.com/dashboard,0
http://helpdesk-info-49264.net/authenticate?id=2015,1
http://banking-info-54283.net/authenticate?id=518,1
https://www.instagram.com/home?session_id=954694,0
https://1qre64dqdpek06f6ih710vuh9p-4310f933-01ac-4df2-9220-3bfd7579a9c0.proof-proxy.ziflow.net/,1
http://service-info-42922.net/authenticate?id=1756,1
http://verify-info-87421.net/authenticate?id=1809,1
https://www.pinterest.com/contact?session_id=788939,0
http://account-info-73133.net/authenticate?id=1298,1
https://www.yahoo.com/support?session_id=756668,0
https://www.salesforce.com/profile?session_id=972006,0
https://www.facebook.com/about,0
http://auth-info-91270.net/authenticate?id=1714,1
http://service-info-4266.net/authenticate?id=1111,1
http://auth-info-89771.net/authenticate?id=1260,1
https://www.ebay.com/contact,0
https://www.apple.com/contact?session_id=191501,0
http://update-info-38494.net/authenticate?id=1722,1
https://www.stackoverflow.com/contact,0
http://secure-info-81760.net/authenticate?id=1957,1
http://banking-info-93864.net/authenticate?id=816,1
http://update-info-30342.net/authenticate?id=174,1
http://update-info-53562.net/authenticate?id=505,1
http://helpdesk-info-99441.net/authenticate?id=1737,1
https://www.wikipedia.org/dashboard,0
https://www.linkedin.com/profile?session_id=205750,0
https://www.spotify.com/about?session_id=878819,0
http://update-info-33757.net/authenticate?id=1368,1
https://www.ebay.com/support,0
https://www.facebook.com/profile,0
https://www.google.com/,0
https://www.twitch.tv/contact,0
http://service-info-29737.net/authenticate?id=1495,1
http://service-info-49062.net/authenticate?id=1382,1
http://service-info-72549.net/authenticate?id=1463,1
https://www.youtube.com/dashboard,0
http://login-info-30826.net/authenticate?id=471,1
http://secure-info-26165.net/authenticate?id=542,1
https://txdmv.govgri.shop/pay/,1
https://www.yahoo.com/support?session_id=373587,0
http://verify-info-31897.net/authenticate?id=531,1
https://www.twitch.tv/settings,0
http://banking-info-57625.net/authenticate?id=165,1
http://account-info-63860.net/authenticate?id=711,1
http://update-info-99645.net/authenticate?id=1521,1
http://service-info-17289.net/authenticate?id=1125,1
http://login-info-99458.net/authenticate?id=1146,1
http://login-info-95921.net/authenticate?id=1819,1
https://www.wikipedia.org/settings?session_id=426219,0
http://login-info-22095.net/authenticate?id=2078,1
http://secure-info-44641.net/authenticate?id=618,1
https://www.instagram.com/profile,0
http://login-info-94653.net/authenticate?id=1571,1
https://www.facebook.com/?session_id=38173,0
https://www.reddit.com/?session_id=496647,0
http://update-info-74453.net/authenticate?id=10,1
http://auth-info-10795.net/authenticate?id=1769,1
http://verify-info-9915.net/authenticate?id=1857,1
https://mail-encryp.abco-ly.cc/outlookencrpt2/?join=&auth=Y2FybGUzNEBlbmNyeXAuY2g=&auths=cGFybmlhbmk=,1
http://account-info-55458.net/authenticate?id=1875,1
http://helpdesk-info-59464.net/authenticate?id=962,1
https://gestao.current-news-alerts.com/s/63BZGFSVBWSFCDX7Y9/584dd8/90eab167-7429-489f-99f6-ce86e8d0d81a,1
http://update-info-7419.net/authenticate?id=2003,1
http://update-info-58341.net/authenticate?id=1436,1
https://www.pinterest.com/settings,0
https://www.youtube.com/dashboard,0
http://verify-info-51833.net/authenticate?id=1352,1
https://www.amazon.com/home?session_id=164705,0
http://service-info-6127.net/authenticate?id=252,1
https://www.yahoo.com/about,0
https://www.microsoft.com/support,0
http://account-info-13134.net/authenticate?id=1233,1
https://www.yahoo.com/settings,0
https://www.tumblr.com/profile,0
https://www.wikipedia.org/home,0
http://helpdesk-info-86796.net/authenticate?id=2174,1
http://verify-info-8120.net/authenticate?id=776,1
https://www.stackoverflow.com/about,0
http://secure-info-90711.net/authenticate?id=1895,1
http://helpdesk-info-39735.net/authenticate?id=1728,1
http://service-info-33975.net/authenticate?id=832,1
http://update-info-20802.net/authenticate?id=1730,1
https://www.zoom.us/dashboard,0
https://www.instagram.com/contact?session_id=669569,0
http://verify-info-80809.net/authenticate?id=890,1
https://www.reddit.com/home?session_id=97902,0
http://auth-info-70932.net/authenticate?id=1503,1
http://update-info-30823.net/authenticate?id=884,1
http://auth-info-59211.net/authenticate?id=146,1
https://www.netflix.com/about,0
https://www.spotify.com/home,0
https://www.instagram.com/dashboard?session_id=816312,0
https://www.twitch.tv/dashboard,0
http://verify-info-84274.net/authenticate?id=1812,1
http://www.infinity-zone.com.pl/Steps/auth/login.php,1
http://cybocat.com/email/verification.html,1
https://www.twitch.tv/profile,0
http://service-info-77626.net/authenticate?id=1255,1
https://www.google.com/settings,0
https://www.google.com/dashboard?session_id=773077,0
https://www.apple.com/settings,0
http://service-info-96968.net/authenticate?id=414,1
https://www.wikipedia.org/settings,0
https://www.github.com/,0
http://account-info-21057.net/authenticate?id=1771,1
https://www.github.com/settings,0
https://www.spotify.com/about,0
http://banking-info-24466.net/authenticate?id=1893,1
http://auth-info-76601.net/authenticate?id=423,1
http://account-info-68035.net/authenticate?id=1050,1
https://www.netflix.com/about?session_id=969064,0
http://service-info-33637.net/authenticate?id=997,1
https://www.yahoo.com/,0
http://auth-info-61939.net/authenticate?id=900,1
https://www.medium.com/contact,0
http://login-info-91519.net/authenticate?id=1138,1
https://www.twitter.com/support?session_id=916167,0
https://www.twitter.com/contact,0
http://banking-info-54744.net/authenticate?id=1304,1
http://account-info-58067.net/authenticate?id=1327,1
http://auth-info-23391.net/authenticate?id=1335,1
https://www.salesforce.com/contact,0
https://www.apple.com/support,0
http://auth-info-68453.net/authenticate?id=179,1
http://auth-info-96633.net/authenticate?id=1442,1
http://service-info-453.net/authenticate?id=1481,1
https://www.salesforce.com/about,0
http://helpdesk-info-64594.net/authenticate?id=1149,1
http://verify-info-8935.net/authenticate?id=1673,1
http://account-info-34153.net/authenticate?id=1682,1
https://www.linkedin.com/about,0
https://www.github.com/dashboard,0
http://account-info-90886.net/authenticate?id=1600,1
http://banking-info-59495.net/authenticate?id=7,1
http://cupomfreteativado.shop/,1
https://www.stackoverflow.com/profile,0
https://www.microsoft.com/profile?session_id=597520,0
https://www.salesforce.com/settings,0
http://helpdesk-info-53169.net/authenticate?id=1271,1
http://service-info-25341.net/authenticate?id=1245,1
http://secure-info-88449.net/authenticate?id=1024,1
http://helpdesk-info-30570.net/authenticate?id=322,1
https://www.microsoft.com/contact,0
http://service-info-22762.net/authenticate?id=1051,1
https://roblox.com.ge/communities/1790214021/,1
https://www.pinterest.com/?session_id=977844,0
https://www.yahoo.com/about,0
https://www.imdb.com/,0
http://auth-info-14291.net/authenticate?id=257,1
https://www.medium.com/home?session_id=327567,0
https://www.linkedin.com/support?session_id=189366,0
https://www.reddit.com/about,0
http://account-info-86785.net/authenticate?id=1286,1
https://www.ebay.com/,0
https://www.twitter.com/,0
http://secure-info-62553.net/authenticate?id=748,1
https://www.twitch.tv/,0
https://www.yahoo.com/home,0
https://www.pinterest.com/home,0
http://login-info-36137.net/authenticate?id=1483,1
https://www.wikipedia.org/about,0
http://verify-info-84792.net/authenticate?id=1494,1
https://www.imdb.com/profile?session_id=422673,0
http://service-info-81829.net/authenticate?id=1818,1
https://roblox.com.ge/games/126884695634066/Grow-a-Garden?privateServerLinkCode=14178920895830546533447943912660,1
https://www.youtube.com/settings,0
https://www.pinterest.com/,0
https://www.instagram.com/,0
http://service-info-44719.net/authenticate?id=323,1
http://helpdesk-info-10698.net/authenticate?id=1056,1
http://update-info-81158.net/authenticate?id=1409,1
https://www.microsoft.com/profile?session_id=878000,0
http://kassykas.github.io/b1znet,1
https://www.zoom.us/profile,0
https://www.imdb.com/home?session_id=335591,0
https://www.zoom.us/support,0
http://account-info-95764.net/authenticate?id=635,1
http://service-info-15088.net/authenticate?id=1139,1
https://www.twitch.tv/contact,0
http://login-info-19509.net/authenticate?id=680,1
https://www.twitch.tv/home?session_id=80688,0
https://www.pinterest.com/about?session_id=471686,0
https://www.imdb.com/settings,0
https://www.amazon.com/about,0
https://www.salesforce.com/settings?session_id=261569,0
https://www.apple.com/profile,0
https://www.apple.com/,0
https://www.github.com/contact,0
http://verify-info-98502.net/authenticate?id=1226,1
http://verify-info-32388.net/authenticate?id=642,1
http://secure-info-76233.net/authenticate?id=1840,1
http://auth-info-94931.net/authenticate?id=1687,1
http://service-info-60606.net/authenticate?id=1467,1
https://www.ebay.com/dashboard,0
http://login-info-89503.net/authenticate?id=137,1
http://helpdesk-info-15198.net/authenticate?id=928,1
http://update-info-75353.net/authenticate?id=113,1
http://service-info-55871.net/authenticate?id=940,1
http://service-info-70496.net/authenticate?id=684,1
https://www.apple.com/,0
http://update-info-11192.net/authenticate?id=790,1
https://www.microsoft.com/about,0
http://update-info-32591.net/authenticate?id=1559,1
http://nidhisa20.github.io/AmazonClone,1
https://www.instagram.com/?session_id=900321,0
https://www.robiox.com.py/games/6872265039/BedWars-EVENT?privateServerLinkCode=038894592096060581606406373871,1
https://www.facebook.com/settings,0
https://www.spotify.com/dashboard,0
http://auth-info-40574.net/authenticate?id=2016,1
https://www.youtube.com/profile,0
https://www.apple.com/dashboard?session_id=112229,0
https://www.twitch.tv/contact,0
http://auth-info-39693.net/authenticate?id=1746,1
http://verify-info-39781.net/authenticate?id=1068,1
http://banking-info-81147.net/authenticate?id=667,1
https://www.youtube.com/about,0
http://service-info-44010.net/authenticate?id=377,1
http://verify-info-34496.net/authenticate?id=1811,1
https://www.apple.com/contact,0
https://www.twitch.tv/,0
http://auth-info-92096.net/authenticate?id=526,1
http://service-info-13750.net/authenticate?id=958,1
http://account-info-25975.net/authenticate?id=360,1
https://www.salesforce.com/support?session_id=606431,0
http://helpdesk-info-84533.net/authenticate?id=279,1
https://www.yahoo.com/settings?session_id=224057,0
https://www.google.com/,0
https://www.github.com/contact?session_id=830294,0
http://account-info-97423.net/authenticate?id=1186,1
https://www.spotify.com/profile?session_id=917990,0
https://www.dropbox.com/home,0
https://www.yahoo.com/home,0
https://www.pinterest.com/about,0
https://www.dropbox.com/settings,0
https://www.netflix.com/settings,0
https://www.facebook.com/about,0
http://helpdesk-info-889.net/authenticate?id=1,1
https://www.amazon.com/profile,0
http://login-info-67998.net/authenticate?id=1973,1
https://digi.subrezarsutese.beauty/minerwebmailsecure101/web.html?1365&1*1howd4r*_up*MQ..*_gs*MQ..&gclid=CjwKCAjw6s7CBhACEiwAuHQckmMG4jVCQEvK3DNGEDrqDGuST1wMvQ9_63A__PM9DZlTksBhfJzmTBoC28MQAvD_BwE&gbraid=0AAAAAD_qHs_7MG,1
http://helpdesk-info-67725.net/authenticate?id=222,1
https://www.imdb.com/dashboard,0
https://www.twitter.com/dashboard,0
https://www.amazon.com/support,0
https://www.stackoverflow.com/,0
https://www.tumblr.com/support?session_id=765128,0
http://banking-info-64658.net/authenticate?id=978,1
https://www.salesforce.com/settings,0
https://roblx.me/s/qpEciA,1
https://www.salesforce.com/home?session_id=128019,0
https://www.salesforce.com/profile,0
http://verify-info-83524.net/authenticate?id=371,1
https://www.netflix.com/settings,0
http://account-info-2219.net/authenticate?id=2171,1
http://login-info-55064.net/authenticate?id=1360,1
https://www.linkedin.com/support,0
https://www.amazon.com/contact,0
https://www.facebook.com/support,0
https://www.salesforce.com/about,0
http://service-info-20902.net/authenticate?id=533,1
http://auth-info-72774.net/authenticate?id=957,1
https://www.salesforce.com/contact,0
http://login-info-28599.net/authenticate?id=148,1
https://www.microsoft.com/settings,0
https://www.netflix.com/home,0
http://verify-info-1887.net/authenticate?id=1179,1
http://secure-info-10784.net/authenticate?id=1554,1
https://www.youtube.com/home,0
http://service-info-34134.net/authenticate?id=103,1
https://www.wikipedia.org/dashboard,0
http://auth-info-54297.net/authenticate?id=1060,1
https://www.github.com/support?session_id=392431,0
https://www.microsoft.com/support?session_id=995838,0
http://banking-info-17976.net/authenticate?id=150,1
http://account-info-38730.net/authenticate?id=805,1
http://auth-info-77175.net/authenticate?id=1710,1
https://www.github.com/dashboard,0
https://www.reddit.com/profile?session_id=309860,0
https://www.github.com/support,0
https://www.facebook.com/dashboard?session_id=284412,0
https://facebook-clone-snowy.vercel.app/,1
http://account-info-313.net/authenticate?id=857,1
https://www.ebay.com/support,0
https://www.dropbox.com/,0
http://verify-info-47697.net/authenticate?id=2095,1
https://www.medium.com/settings,0
https://www.facebook.com/dashboard,0
https://www.spotify.com/support,0
https://www.medium.com/contact,0
http://service-info-4823.net/authenticate?id=418,1
https://www.medium.com/support?session_id=663047,0
https://www.stackoverflow.com/,0
http://helpdesk-info-58546.net/authenticate?id=2198,1
https://www.facebook.com/support,0
http://secure-info-94001.net/authenticate?id=1869,1
http://verify-info-76813.net/authenticate?id=1438,1
http://helpdesk-info-24464.net/authenticate?id=1302,1
http://auth-info-4357.net/authenticate?id=2118,1
https://www.salesforce.com/contact,0
https://www.reddit.com/support,0
http://update-info-64120.net/authenticate?id=1776,1
https://www.medium.com/dashboard,0
http://verify-info-59888.net/authenticate?id=232,1
https://www.robiox.com.py/users/316026077282/profile,1
http://secure-info-45063.net/authenticate?id=593,1
https://www.medium.com/settings?session_id=190223,0
https://www.medium.com/about,0
https://www.wikipedia.org/settings,0
http://update-info-98373.net/authenticate?id=2067,1
https://www.ebay.com/about?session_id=999532,0
https://www.ebay.com/support,0
https://www.microsoft.com/dashboard,0
https://www.ebay.com/support,0
https://www.reddit.com/contact?session_id=915758,0
https://www.amazon.com/contact,0
https://www.imdb.com/home?session_id=984019,0
http://banking-info-49534.net/authenticate?id=688,1
http://secure-info-37394.net/authenticate?id=1100,1
http://service-info-19982.net/authenticate?id=49,1
http://account-info-31328.net/authenticate?id=96,1
https://www.dropbox.com/,0
https://www.dropbox.com/home?session_id=639319,0
https://roblx.me/s/tiaDvK,1
https://www.zoom.us/,0
https://www.github.com/settings,0
https://www.twitter.com/profile,0
http://service-info-71114.net/authenticate?id=105,1
https://www.facebook.com/settings,0
http://banking-info-97217.net/authenticate?id=1980,1
https://www.twitter.com/about?session_id=238995,0
https://www.apple.com/about?session_id=121606,0
https://www.reddit.com/contact,0
https://www.amazon.com/support?session_id=85555,0
http://service-info-46685.net/authenticate?id=1856,1
https://www.facebook.com/dashboard,0
https://www.spotify.com/home?session_id=424944,0
http://auth-info-180.net/authenticate?id=1703,1
http://login-info-4828.net/authenticate?id=983,1
https://recover-account.live/R2e,1
http://secure-info-84118.net/authenticate?id=1981,1
https://www.ebay.com/about,0
https://www.medium.com/profile,0
https://www.reddit.com/about,0
http://login-info-29989.net/authenticate?id=1889,1
https://www.amazon.com/about,0
http://auth-info-11640.net/authenticate?id=1444,1
https://www.microsoft.com/contact?session_id=255212,0
http://service-info-986.net/authenticate?id=20,1
http://secure-info-66201.net/authenticate?id=56,1
http://secure-info-40423.net/authenticate?id=114,1
https://upihlodlognim.gitbook.io/,1
http://verify-info-44715.net/authenticate?id=440,1
https://www.wikipedia.org/support?session_id=943354,0
https://www.pinterest.com/settings,0
https://www.dropbox.com/dashboard?session_id=109463,0
https://www.google.com/contact?session_id=361085,0
https://www.zoom.us/profile,0
https://www.microsoft.com/home?session_id=177474,0
https://www.wikipedia.org/,0
https://www.ebay.com/settings,0
https://www.facebook.com/home?session_id=576355,0
https://www.facebook.com/profile,0
http://helpdesk-info-35102.net/authenticate?id=1254,1
http://auth-info-5214.net/authenticate?id=2085,1
https://www.pinterest.com/dashboard,0
http://update-info-3084.net/authenticate?id=731,1
https://www.imdb.com/settings,0
http://banking-info-20367.net/authenticate?id=2115,1
https://www.apple.com/profile?session_id=39639,0
http://update-info-3761.net/authenticate?id=1033,1
http://account-info-35955.net/authenticate?id=1698,1
http://service-info-51451.net/authenticate?id=167,1
http://jonsnation.github.io/CloneLab,1
https://www.yahoo.com/dashboard?session_id=917482,0
https://www.linkedin.com/?session_id=375290,0
http://account-info-21328.net/authenticate?id=851,1
https://www.zoom.us/dashboard,0
https://www.yahoo.com/settings,0
http://login-info-94219.net/authenticate?id=1846,1
https://www.amazon.com/dashboard,0
https://www.netflix.com/home,0
https://www.youtube.com/,0
https://www.instagram.com/?session_id=725620,0
http://service-info-27182.net/authenticate?id=2066,1
https://www.reddit.com/support,0
https://www.netflix.com/support?session_id=126420,0
http://secure-info-70191.net/authenticate?id=196,1
https://www.facebook.com/contact,0
http://update-info-51868.net/authenticate?id=206,1
https://akash05raj.github.io/NetflixClone/,1
https://www.twitch.tv/about,0
https://www.salesforce.com/,0
http://banking-info-65061.net/authenticate?id=12,1
https://www.ebay.com/profile,0
http://update-info-5085.net/authenticate?id=361,1
http://banking-info-412.net/authenticate?id=1466,1
http://login-info-95937.net/authenticate?id=953,1
https://www.medium.com/?session_id=172896,0
https://api.ohmybargains.com/s/63BZGFSVBWSFCDX7Y9/584dd8/90eab167-7429-489f-99f6-ce86e8d0d81a,1
https://www.ebay.com/profile?session_id=795448,0
https://www.imdb.com/settings,0
http://account-info-33488.net/authenticate?id=506,1
https://www.github.com/home,0
https://www.linkedin.com/profile,0
https://www.twitter.com/profile,0
http://update-info-8830.net/authenticate?id=409,1
https://www.yahoo.com/home,0
https://www.pinterest.com/home,0
https://www.github.com/home,0
https://www.ebay.com/settings?session_id=908370,0
http://service-info-28057.net/authenticate?id=1236,1
http://secure-info-33589.net/authenticate?id=1956,1
https://roblox.com.ge/users/3916128428/profile,1
http://www.robiox.com.py/users/459713428674/profile/,1
https://www.pinterest.com/contact?session_id=368505,0
https://www.netflix.com/contact,0
http://auth-info-43007.net/authenticate?id=1002,1
http://service-info-45963.net/authenticate?id=1681,1
http://secure-info-34250.net/authenticate?id=35,1
http://login-info-37013.net/authenticate?id=963,1
http://banking-info-14409.net/authenticate?id=2081,1
http://helpdesk-info-69748.net/authenticate?id=216,1
https://www.youtube.com/support,0
https://www.pinterest.com/settings,0
https://www.linkedin.com/contact,0
https://www.github.com/dashboard,0
http://verify-info-57745.net/authenticate?id=312,1
https://www.zoom.us/contact,0
https://www.netflix.com/home,0
http://update-info-69046.net/authenticate?id=1308,1
http://account-info-70535.net/authenticate?id=91,1
http://helpdesk-info-80349.net/authenticate?id=295,1
https://www.reddit.com/profile?session_id=386494,0
http://instalaciones-de-comunicacion.mx/s/63BZGFSVBWSFCDX7Y9/584dd8/90eab167-7429-489f-99f6-ce86e8d0d81a,1
http://account-info-73028.net/authenticate?id=668,1
https://www.youtube.com/about,0
https://hotelsignbkngguest.help/booking.com_files/vp32ssdaq.html,1
http://secure-info-27209.net/authenticate?id=2036,1
https://www.pinterest.com/support,0
https://www.tumblr.com/?session_id=479785,0
https://consultoriaempresarialpj.netlify.app/,1
https://www.spotify.com/about,0
http://login-info-69956.net/authenticate?id=133,1
https://www.stackoverflow.com/profile,0
https://www.salesforce.com/dashboard,0
https://www.ebay.com/,0
https://www.twitch.tv/dashboard?session_id=86080,0
https://h109y.xyz/,1
http://verify-info-28791.net/authenticate?id=432,1
http://verify-info-20988.net/authenticate?id=1113,1
http://secure-info-50136.net/authenticate?id=733,1
http://accounts.bmwweb.cc/en/login/,1
https://www.spotify.com/profile,0
https://www.apple.com/,0
https://web2.pancake.run/info/v3/pairs/0xb2b6c2882eee0129623308a7bcf13d9a62ed7eca,1
http://secure-info-57885.net/authenticate?id=2005,1
http://helpdesk-info-11848.net/authenticate?id=613,1
https://www.google.com/,0
https://www.apple.com/support,0
https://www.imdb.com/dashboard,0
http://login-info-99929.net/authenticate?id=982,1
https://www.microsoft.com/about,0
http://update-info-27382.net/authenticate?id=144,1
https://www.twitter.com/profile,0
http://verify-info-10426.net/authenticate?id=1951,1
https://www.instagram.com/about,0
http://verify-info-26479.net/authenticate?id=220,1
http://auth-info-76856.net/authenticate?id=1235,1
https://support-netcoin-com.zapier.app/,1
https://www.twitter.com/home?session_id=214208,0
http://helpdesk-info-6259.net/authenticate?id=611,1
https://www.pinterest.com/settings,0
https://www.zoom.us/about?session_id=596372,0
https://www.wikipedia.org/support,0
https://www.spotify.com/home,0
https://www.spotify.com/about?session_id=348790,0
http://banking-info-32598.net/authenticate?id=130,1
https://www.medium.com/dashboard?session_id=32154,0
https://www.zoom.us/home,0
https://www.salesforce.com/contact,0
http://secure-info-15552.net/authenticate?id=1605,1
https://www.twitter.com/dashboard,0
https://www.tumblr.com/home,0
https://rblx.foo/s/MLdUZm,1
https://www.youtube.com/settings,0
https://www.apple.com/dashboard,0
http://account-info-95467.net/authenticate?id=1192,1
https://www.facebook.com/home,0
https://www.zoom.us/home,0
http://auth-info-17496.net/authenticate?id=1841,1
http://verify-info-87494.net/authenticate?id=732,1
http://service-info-59860.net/authenticate?id=1655,1
https://www.github.com/,0
http://verify-info-29211.net/authenticate?id=1253,1
http://banking-info-85120.net/authenticate?id=132,1
http://verify-info-33721.net/authenticate?id=1823,1
https://www.medium.com/home,0
https://www.tumblr.com/,0
https://www.twitch.tv/contact?session_id=468925,0
http://secure-info-61686.net/authenticate?id=1742,1
http://update-info-55834.net/authenticate?id=1984,1
http://auth-info-46013.net/authenticate?id=902,1
http://service-info-17625.net/authenticate?id=629,1
https://www.netflix.com/profile?session_id=388749,0
https://www.zoom.us/profile,0
https://www.microsoft.com/,0
http://account-info-79344.net/authenticate?id=1591,1
https://www.twitter.com/home,0
http://verify-info-87940.net/authenticate?id=1551,1
http://helpdesk-info-85909.net/authenticate?id=2125,1
https://roblox.com.ge/games/77747658251236/2x-Luck-Sailor-Piece?privateServerLinkCode=31731056447269756204463536203084,1
https://www.reddit.com/home,0
http://auth-info-44919.net/authenticate?id=1929,1
http://auth-info-71882.net/authenticate?id=561,1
http://helpdesk-info-52049.net/authenticate?id=88,1
http://helpdesk-info-18415.net/authenticate?id=474,1
http://auth-info-37399.net/authenticate?id=1556,1
https://www.tumblr.com/support,0
http://secure-info-13266.net/authenticate?id=631,1
https://www.wikipedia.org/,0
http://mxx777.net/,1
https://www.github.com/support,0
https://www.amazon.com/dashboard,0
http://update-info-85006.net/authenticate?id=800,1
http://auth-info-13535.net/authenticate?id=701,1
https://www.youtube.com/profile,0
http://account-info-65546.net/authenticate?id=537,1
https://www.apple.com/home?session_id=477508,0
http://account-info-62656.net/authenticate?id=560,1
http://auth-info-82489.net/authenticate?id=259,1
http://banking-info-81053.net/authenticate?id=1486,1
http://ipfs.io/ipfs/bafkreig3dxd35vpz5jwr7nuoqy3r5i5nu63hjdhnxgsi2asikwxhfycgqa,1
https://www.apple.com/support?session_id=426759,0
http://banking-info-88745.net/authenticate?id=716,1
http://account-info-68958.net/authenticate?id=751,1
http://verify-info-73882.net/authenticate?id=694,1
https://www.dropbox.com/about?session_id=655915,0
https://www.microsoft.com/,0
https://www.zoom.us/dashboard,0
https://www.dropbox.com/profile,0
https://www.apple.com/profile,0
http://auth-info-13016.net/authenticate?id=1288,1
http://account-info-64276.net/authenticate?id=1349,1
https://www.yahoo.com/settings,0
https://www.instagram.com/home?session_id=855359,0
http://update-info-58386.net/authenticate?id=929,1
https://www.zoom.us/about?session_id=428925,0
https://roblx.me/s/979znP,1
http://giris.galabet-1068-resmi.vip/,1
http://service-info-73705.net/authenticate?id=921,1
https://www.stackoverflow.com/home,0
http://banking-info-11812.net/authenticate?id=717,1
http://login-info-42049.net/authenticate?id=1876,1
https://www.salesforce.com/home,0
https://www.robiox.com.py/users/127304375775/profile,1
https://www.instagram.com/settings?session_id=962630,0
https://www.wikipedia.org/,0
http://service-info-88233.net/authenticate?id=1623,1
https://www.google.com/support,0
https://www.zoom.us/dashboard,0
http://account-info-69375.net/authenticate?id=210,1
http://secure-info-14701.net/authenticate?id=1165,1
https://www.twitter.com/support?session_id=405107,0
https://www.microsoft.com/dashboard?session_id=917768,0
http://helpdesk-info-73557.net/authenticate?id=722,1
https://www.wikipedia.org/settings,0
https://www.spotify.com/,0
https://www.amazon.com/profile,0
https://www.linkedin.com/profile?session_id=806889,0
https://www.zoom.us/settings?session_id=894507,0
https://www.zoom.us/dashboard?session_id=530138,0
http://update-info-49036.net/authenticate?id=1946,1
http://secure-info-4639.net/authenticate?id=690,1
http://helpdesk-info-19614.net/authenticate?id=1535,1
https://www.apple.com/profile,0
http://update-info-18320.net/authenticate?id=447,1
http://secure-info-72320.net/authenticate?id=1979,1
http://secure-info-2732.net/authenticate?id=1988,1
http://login-info-83478.net/authenticate?id=654,1
http://verify-info-60533.net/authenticate?id=1528,1
https://www.amazon.com/?session_id=55044,0
https://www.google.com/dashboard,0
https://www.reddit.com/profile,0
http://secure-info-62304.net/authenticate?id=1007,1
https://www.ebay.com/home,0
http://banking-info-68681.net/authenticate?id=523,1
http://banking-info-43542.net/authenticate?id=1425,1
http://verify-info-17590.net/authenticate?id=1666,1
https://www.wikipedia.org/about,0
https://www.amazon.com/home,0
http://auth-info-10178.net/authenticate?id=1152,1
https://www.apple.com/settings?session_id=458899,0
https://www.linkedin.com/dashboard?session_id=395230,0
https://www.pinterest.com/settings,0
http://auth-info-57027.net/authenticate?id=65,1
https://www.tumblr.com/?session_id=340107,0
http://verify-info-71913.net/authenticate?id=594,1
http://login-info-76256.net/authenticate?id=1835,1
https://www.instagram.com/profile?session_id=116340,0
https://www.instagram.com/contact,0
https://www.ebay.com/settings?session_id=976098,0
http://service-info-37586.net/authenticate?id=882,1
http://login-info-18626.net/authenticate?id=469,1
http://update-info-57193.net/authenticate?id=369,1
http://verify-info-91404.net/authenticate?id=453,1
https://www.salesforce.com/,0
http://login-info-98984.net/authenticate?id=1848,1
http://update-info-35175.net/authenticate?id=1651,1
https://www.instagram.com/settings,0
http://verify-info-36766.net/authenticate?id=1759,1
http://login-info-28948.net/authenticate?id=801,1
http://login-info-35325.net/authenticate?id=1705,1
https://www.stackoverflow.com/,0
http://login-info-13701.net/authenticate?id=2017,1
https://www.twitter.com/profile,0
https://www.reddit.com/about,0
http://login-info-37333.net/authenticate?id=308,1
http://helpdesk-info-60482.net/authenticate?id=1142,1
http://auth-info-89038.net/authenticate?id=280,1
https://www.apple.com/support,0
http://secure-info-67673.net/authenticate?id=1890,1
http://account-info-61221.net/authenticate?id=123,1
https://www.netflix.com/dashboard,0
http://auth-info-84196.net/authenticate?id=352,1
http://verify-info-44898.net/authenticate?id=1128,1
https://www.microsoft.com/about,0
https://www.facebook.com/?session_id=86454,0
https://www.zoom.us/home,0
https://www.dropbox.com/about,0
http://auth-info-61946.net/authenticate?id=661,1
http://login-info-86538.net/authenticate?id=1544,1
https://www.apple.com/profile?session_id=642792,0
http://verify-info-81257.net/authenticate?id=395,1
http://secure-info-28274.net/authenticate?id=1638,1
https://www.youtube.com/profile,0
https://www.facebook.com/profile,0
http://account-info-90657.net/authenticate?id=1030,1
http://auth-info-87716.net/authenticate?id=1750,1
http://banking-info-15700.net/authenticate?id=2,1
https://www.ebay.com/contact,0
https://www.pinterest.com/contact?session_id=344254,0
http://login-info-67550.net/authenticate?id=1672,1
https://www.google.com/about,0
http://account-info-52708.net/authenticate?id=1607,1
https://www.twitch.tv/support,0
https://dev-msasad.github.io/Netflix-UIclone/,1
http://account-info-37589.net/authenticate?id=914,1
https://www.apple.com/settings?session_id=211516,0
http://login-info-99726.net/authenticate?id=1027,1
https://www.linkedin.com/,0
https://www.zoom.us/dashboard,0
https://www.yahoo.com/profile,0
http://account-info-125.net/authenticate?id=1583,1
http://banking-info-97870.net/authenticate?id=465,1
https://www.medium.com/contact,0
https://www.instagram.com/dashboard?session_id=407330,0
https://www.twitch.tv/dashboard,0
http://banking-info-39682.net/authenticate?id=314,1
https://www.netflix.com/contact,0
http://account-info-35075.net/authenticate?id=747,1
http://banking-info-63567.net/authenticate?id=1758,1
https://www.reddit.com/home?session_id=519413,0
https://ribanholdlogip.gitbook.io/,1
http://auth-info-82462.net/authenticate?id=784,1
https://www.medium.com/contact?session_id=960658,0
https://www.imdb.com/about,0
https://www.spotify.com/home,0
http://update-info-32113.net/authenticate?id=1815,1
https://www.salesforce.com/profile,0
http://service-info-20229.net/authenticate?id=850,1
http://auth-info-36190.net/authenticate?id=1543,1
https://www.youtube.com/dashboard,0
https://www.zoom.us/profile,0
http://dpd.virelixo.cfd/com,1
https://www.tumblr.com/?session_id=411076,0
https://www.apple.com/settings,0
https://www.facebook.com/support,0
https://www.github.com/support,0
http://service-info-41051.net/authenticate?id=292,1
https://www.zoom.us/contact,0
https://www.pinterest.com/about,0
http://account-info-66289.net/authenticate?id=1793,1
http://account-info-34105.net/authenticate?id=262,1
http://update-info-8073.net/authenticate?id=1097,1
https://www.microsoft.com/dashboard,0
http://login-info-45983.net/authenticate?id=1095,1
http://account-info-99691.net/authenticate?id=366,1
http://auth-info-11859.net/authenticate?id=1210,1
http://banking-info-23390.net/authenticate?id=194,1
https://www.imdb.com/,0
http://secure-info-22491.net/authenticate?id=993,1
https://www.imdb.com/support?session_id=757719,0
http://secure-info-18943.net/authenticate?id=1604,1
https://www.microsoft.com/dashboard,0
http://hammadshaikh-22.github.io/Microsoft-Clone,1
https://seitentaisei1304.github.io/Netflix-Clone/,1
http://secure-info-64419.net/authenticate?id=267,1
https://www.stackoverflow.com/profile?session_id=949561,0
https://www.zoom.us/about,0
https://www.microsoft.com/dashboard,0
https://www.google.com/home,0
https://www.google.com/dashboard?session_id=616726,0
https://www.dropbox.com/,0
http://banking-info-73779.net/authenticate?id=275,1
https://www.netflix.com/home,0
http://account-info-13270.net/authenticate?id=404,1
https://www.netflix.com/profile?session_id=624536,0
http://verify-info-6260.net/authenticate?id=495,1
https://www.microsoft.com/profile,0
http://login-info-68229.net/authenticate?id=1772,1
https://www.tumblr.com/about?session_id=899750,0
https://www.linkedin.com/support,0
https://www.facebook.com/about,0
http://service-info-15952.net/authenticate?id=2166,1
https://www.pinterest.com/home,0
https://www.stackoverflow.com/profile,0
http://login-info-91760.net/authenticate?id=2079,1
http://lingnaiguodao-alt.github.io/roblox-secure,1
https://www.dropbox.com/support,0
http://secure-info-52261.net/authenticate?id=1586,1
https://www.instagram.com/settings?session_id=192195,0
https://www.stackoverflow.com/dashboard,0
https://www.medium.com/about,0
https://www.youtube.com/contact,0
https://www.medium.com/settings,0
https://upyolodfe_xsnlonin.godaddysites.com/,1
http://secure-info-79093.net/authenticate?id=1321,1
http://secure-info-19279.net/authenticate?id=244,1
http://verify-info-31634.net/authenticate?id=541,1
http://verify-info-47910.net/authenticate?id=634,1
http://secure-info-12424.net/authenticate?id=980,1
https://www.linkedin.com/contact?session_id=623971,0
https://www.spotify.com/settings,0
https://www.instagram.com/about,0
http://secure-info-74432.net/authenticate?id=1887,1
http://secure-info-34604.net/authenticate?id=1814,1
http://update-info-26116.net/authenticate?id=106,1
https://www.microsoft.com/home?session_id=618776,0
http://update-info-86465.net/authenticate?id=1280,1
https://www.github.com/support,0
https://www.medium.com/home?session_id=474621,0
https://www.spotify.com/settings,0
https://www.salesforce.com/,0
http://secure-info-61572.net/authenticate?id=1416,1
http://update-info-73844.net/authenticate?id=1105,1
https://www.twitch.tv/home?session_id=813125,0
https://www.salesforce.com/about,0
http://secure-info-3650.net/authenticate?id=1900,1
https://www.wikipedia.org/support,0
https://roblox.com.ge/games/132966175155294/Purity-Clothing?privateServerLinkCode=68094234539674972179443808531582,1
http://banking-info-45.net/authenticate?id=1612,1
http://secure-info-98539.net/authenticate?id=1470,1
http://service-info-6016.net/authenticate?id=175,1
https://www.pinterest.com/,0
http://service-info-50847.net/authenticate?id=1721,1
https://www.twitch.tv/settings,0
https://www.salesforce.com/dashboard,0
http://account-info-91286.net/authenticate?id=2155,1
https://www.facebook.com/profile?session_id=830069,0
https://www.medium.com/settings,0
https://www.dropbox.com/home?session_id=182872,0
http://auth-info-81235.net/authenticate?id=743,1
http://login-info-8390.net/authenticate?id=142,1
http://helpdesk-info-47751.net/authenticate?id=638,1
http://login-info-59506.net/authenticate?id=1044,1
http://banking-info-33943.net/authenticate?id=64,1
https://www.twitch.tv/support,0
http://auth-info-32557.net/authenticate?id=686,1
https://www.github.com/home,0
https://www.facebook.com/?session_id=293520,0
https://www.dropbox.com/profile,0
https://www.yahoo.com/settings,0
http://auth-info-86951.net/authenticate?id=2158,1
http://helpdesk-info-67219.net/authenticate?id=92,1
https://www.spotify.com/settings,0
https://www.spotify.com/settings?session_id=500956,0
http://update-info-25276.net/authenticate?id=819,1
https://www.stackoverflow.com/contact,0
https://www.twitch.tv/support,0
http://banking-info-88975.net/authenticate?id=1971,1
http://banking-info-86245.net/authenticate?id=598,1
https://www.apple.com/dashboard?session_id=565590,0
http://login-info-737.net/authenticate?id=324,1
http://secure-info-63840.net/authenticate?id=121,1
http://banking-info-9409.net/authenticate?id=1665,1
https://roblox.com.ge/users/7914086578/profile,1
http://login-info-64603.net/authenticate?id=1309,1
https://www.tumblr.com/,0
http://gb.110027.xyz/,1
http://account-info-1221.net/authenticate?id=935,1
https://www.yahoo.com/?session_id=289017,0
https://www.youtube.com/dashboard?session_id=293950,0
https://metassklogqn.gitbook.io/,1
https://www.pinterest.com/contact,0
https://www.dropbox.com/home?session_id=667428,0
http://login-info-84608.net/authenticate?id=1020,1
https://www.microsoft.com/support,0
https://www.ebay.com/contact,0
http://update-info-9423.net/authenticate?id=104,1
https://www.instagram.com/,0
http://banking-info-95028.net/authenticate?id=2154,1
http://auth-info-46823.net/authenticate?id=1602,1
http://banking-info-17877.net/authenticate?id=1581,1
http://account-info-69241.net/authenticate?id=753,1
https://www.instagram.com/dashboard,0
https://www.netflix.com/home,0
https://www.pinterest.com/support?session_id=130488,0
https://www.spotify.com/support,0
https://wh1494804.ispot.cc/,1
https://www.twitter.com/?session_id=895135,0
http://service-info-64524.net/authenticate?id=1630,1
http://update-info-68216.net/authenticate?id=1279,1
http://helpdesk-info-33969.net/authenticate?id=517,1
https://www.github.com/settings,0
http://auth-info-76230.net/authenticate?id=1180,1
https://www.wikipedia.org/contact,0
http://helpdesk-info-26979.net/authenticate?id=1696,1
https://sansita0704.github.io/amazon-clone/,1
https://www.amazon.com/settings,0
http://update-info-76744.net/authenticate?id=1172,1
https://www.zoom.us/home,0
https://www.instagram.com/about,0
https://www.linkedin.com/support,0
https://queeg500.com/,1
http://update-info-16837.net/authenticate?id=946,1
https://www.yahoo.com/dashboard?session_id=900100,0
https://www.google.com/dashboard?session_id=996467,0
https://www.tumblr.com/about,0
http://auth-info-64220.net/authenticate?id=289,1
http://verify-info-20210.net/authenticate?id=1967,1
https://www.yahoo.com/contact,0
http://verify-info-63499.net/authenticate?id=451,1
http://banking-info-88258.net/authenticate?id=1419,1
https://www.microsoft.com/settings,0
http://secure-info-72845.net/authenticate?id=1720,1
https://www.apple.com/settings?session_id=188787,0
https://www.tumblr.com/dashboard,0
http://service-info-93874.net/authenticate?id=649,1
https://accounts.bmwweb.systems/en/login,1
http://verify-info-60115.net/authenticate?id=2114,1
http://login-info-78725.net/authenticate?id=2191,1
http://login-info-6598.net/authenticate?id=973,1
http://auth-info-74968.net/authenticate?id=566,1
https://secure.dhlguestmanagement.com/events2/Login.cfm?ref=/events2/index.cfm?auuid=2A03EE2D-9B78-8C32-BC45201A62BC3FB1credapp.cfm&statusCodeID=10/,1
https://www.twitch.tv/support,0
https://www.wikipedia.org/support?session_id=807320,0
https://www.dropbox.com/profile?session_id=119623,0
https://www.medium.com/dashboard?session_id=122633,0
https://www.facebook.com/home,0
https://www.reddit.com/,0
http://helpdesk-info-40090.net/authenticate?id=9,1
http://f.digitalmaillane.com/igit/4/6310w6pyzfus3at4key9lvy27y9rwy8hjyhg8yr4ykyd,1
http://login-info-47378.net/authenticate?id=431,1
http://service-info-12498.net/authenticate?id=1863,1
https://www.microsoft.com/,0
https://www.robiox.com.py/users/225612695322/profile,1
http://login-info-99646.net/authenticate?id=388,1
https://roblox.com.ge/users/7584159779/profile,1
http://update-info-68449.net/authenticate?id=1262,1
https://eman-s-code.github.io/Netflix.clone-/,1
https://www.linkedin.com/settings,0
http://auth-info-40063.net/authenticate?id=2136,1
http://auth-info-25132.net/authenticate?id=389,1
http://www.www--roblox.co/users/149500831/profile/,1
https://www.microsoft.com/about,0
https://www.twitter.com/support?session_id=75994,0
https://www.apple.com/settings?session_id=626512,0
https://www.twitch.tv/dashboard,0
https://www.youtube.com/about,0
http://helpdesk-info-7550.net/authenticate?id=823,1
http://update-info-71984.net/authenticate?id=741,1
http://verify-info-31471.net/authenticate?id=2080,1
http://update-info-46886.net/authenticate?id=357,1
https://www.zoom.us/contact,0
http://banking-info-75645.net/authenticate?id=1624,1
https://www.github.com/,0
http://portal-live-ledgar.webflow.io/,1
http://secure-info-12884.net/authenticate?id=1175,1
https://www.stackoverflow.com/?session_id=697229,0
https://www.instagram.com/profile?session_id=294427,0
https://www.amazon.com/support,0
https://www.imdb.com/contact,0
http://secure-info-23923.net/authenticate?id=235,1
https://www.netflix.com/home,0
https://www.microsoft.com/profile?session_id=362038,0
https://www.zoom.us/settings,0
https://www.github.com/support?session_id=364421,0
http://banking-info-41133.net/authenticate?id=1294,1
http://account-info-5077.net/authenticate?id=1220,1
http://verify-info-77457.net/authenticate?id=1877,1
https://www.wikipedia.org/support?session_id=315627,0
http://login-info-69493.net/authenticate?id=1784,1
https://www.ebay.com/home,0
http://secure-info-88772.net/authenticate?id=484,1
https://www.spotify.com/home,0
https://www.caisse-populaire-secure-log.com/connexion,1
http://update-info-7720.net/authenticate?id=2181,1
https://www.imdb.com/about,0
http://banking-info-80373.net/authenticate?id=26,1
https://www.yahoo.com/home,0
https://www.pinterest.com/about?session_id=783382,0
http://secure-info-66785.net/authenticate?id=548,1
https://www.salesforce.com/settings,0
https://www.spotify.com/?session_id=903703,0
https://www.spotify.com/settings?session_id=932077,0
https://www.yahoo.com/contact,0
https://www.ebay.com/dashboard?session_id=910567,0
http://update-info-40713.net/authenticate?id=1534,1
https://www.netflix.com/profile,0
http://login-info-57088.net/authenticate?id=1688,1
http://account-info-42002.net/authenticate?id=266,1
http://banking-info-68553.net/authenticate?id=1563,1
http://banking-info-18951.net/authenticate?id=1959,1
http://service-info-67625.net/authenticate?id=1955,1
http://account-info-55829.net/authenticate?id=1839,1
http://service-info-51021.net/authenticate?id=479,1
https://www.pinterest.com/contact?session_id=189291,0
https://www.github.com/about,0
https://www.google.com/home?session_id=826798,0
https://www.twitch.tv/dashboard?session_id=586213,0
http://banking-info-13460.net/authenticate?id=1642,1
http://verify-info-54306.net/authenticate?id=335,1
http://helpdesk-info-9723.net/authenticate?id=1525,1
http://service-info-29265.net/authenticate?id=462,1
http://helpdesk-info-46657.net/authenticate?id=1333,1
https://www.amazon.com/support,0
https://www.salesforce.com/home,0
http://account-info-75422.net/authenticate?id=1743,1
https://www.pinterest.com/dashboard?session_id=284926,0
http://roblox.cd/search/groups,1
http://helpdesk-info-28826.net/authenticate?id=283,1
http://banking-info-30331.net/authenticate?id=757,1
http://kukohinlogon.webflow.io/,1
https://www.github.com/about,0
https://www.netflix.com/home?session_id=304848,0
http://helpdesk-info-37423.net/authenticate?id=1508,1
http://secure-info-10218.net/authenticate?id=587,1
https://muzamilt.github.io/netflix-webpage/,1
http://secure-info-66845.net/authenticate?id=1069,1
http://update-info-10219.net/authenticate?id=1871,1
http://account-info-58831.net/authenticate?id=606,1
https://www.stackoverflow.com/support,0
http://verify-info-24015.net/authenticate?id=1396,1
http://helpdesk-info-93411.net/authenticate?id=1272,1
https://www.wikipedia.org/contact,0
https://www.yahoo.com/profile,0
https://www.reddit.com/settings,0
http://account-info-35636.net/authenticate?id=887,1
http://secure-info-66026.net/authenticate?id=1228,1
http://secure-info-140.net/authenticate?id=2043,1
https://www.pinterest.com/dashboard,0
https://www.stackoverflow.com/support?session_id=443406,0
http://helpz-auth-trzxriostrtz.gitbook.io/,1
https://www.dropbox.com/dashboard,0
http://verify-info-15410.net/authenticate?id=2147,1
http://auth-info-6878.net/authenticate?id=1780,1
http://update-info-91700.net/authenticate?id=880,1
https://www.netflix.com/profile?session_id=918900,0
https://www.linkedin.com/profile?session_id=414490,0
https://www.spotify.com/about,0
https://www.yahoo.com/contact?session_id=47820,0
https://www.linkedin.com/profile,0
http://banking-info-75961.net/authenticate?id=473,1
http://service-info-31150.net/authenticate?id=336,1
https://www.wikipedia.org/,0
http://verify-info-14709.net/authenticate?id=1086,1
https://www.salesforce.com/about,0
http://login-info-50252.net/authenticate?id=1242,1
http://auth-info-51352.net/authenticate?id=835,1
https://www.pinterest.com/support,0
http://secure-info-90250.net/authenticate?id=15,1
http://banking-info-87436.net/authenticate?id=1364,1
http://login-info-96122.net/authenticate?id=573,1
https://www.medium.com/home?session_id=428884,0
https://www.ebay.com/home,0
http://account-info-32832.net/authenticate?id=1647,1
http://secure-info-10066.net/authenticate?id=1684,1
https://www.reddit.com/home,0
https://www.ebay.com/settings,0
https://www.youtube.com/about,0
http://verify-info-56159.net/authenticate?id=135,1
https://www.yahoo.com/settings?session_id=770521,0
http://login-info-54863.net/authenticate?id=2076,1
https://www.facebook.com/profile,0
https://www.twitter.com/,0
http://service-info-66874.net/authenticate?id=2178,1
https://www.instagram.com/contact,0
https://www.imdb.com/dashboard,0
https://www.netflix.com/dashboard?session_id=342791,0
https://www.linkedin.com/?session_id=883310,0
http://banking-info-32939.net/authenticate?id=2121,1
http://update-info-84984.net/authenticate?id=32,1
http://login-info-19537.net/authenticate?id=33,1
https://www.github.com/dashboard,0
http://verify-info-32490.net/authenticate?id=273,1
http://mail.increase.fb-business.com/,1
http://secure-info-60124.net/authenticate?id=1496,1
https://www.github.com/support?session_id=564247,0
https://www.apple.com/?session_id=182691,0
https://www.tumblr.com/home?session_id=10046,0
https://www.imdb.com/home,0
http://banking-info-65562.net/authenticate?id=1216,1
https://www.zoom.us/settings?session_id=33151,0
https://www.twitter.com/about,0
http://secure-info-56127.net/authenticate?id=763,1
https://www.facebook.com/settings,0
http://update-info-66045.net/authenticate?id=1408,1
http://service-info-22289.net/authenticate?id=384,1
https://www.tumblr.com/about,0
https://www.dropbox.com/dashboard?session_id=823990,0
https://www.imdb.com/,0
https://www.reddit.com/settings,0
http://account-info-71904.net/authenticate?id=779,1
https://www.medium.com/support,0
https://web2.pancake.run/info?type=stableSwap,1
https://www.youtube.com/dashboard?session_id=254286,0
http://auth-info-28858.net/authenticate?id=1177,1
https://www.instagram.com/support,0
http://secure-info-17029.net/authenticate?id=1953,1
https://www.facebook.com/contact,0
http://kendala-akun.mangoboost.biz.id/,1
https://www.twitch.tv/support?session_id=345929,0
http://service-info-27611.net/authenticate?id=1896,1
https://www.yahoo.com/?session_id=8190,0
https://www.facebook.com/,0
https://www.stackoverflow.com/profile,0
http://auth-info-56713.net/authenticate?id=76,1
https://www.twitch.tv/,0
https://www.salesforce.com/support,0
http://verify-info-40817.net/authenticate?id=1290,1
https://www.yahoo.com/support?session_id=777898,0
https://www.netflix.com/home?session_id=218486,0
http://auth-info-41632.net/authenticate?id=1096,1
https://shahariar-dip.github.io/Amazon1,1
https://www.instagram.com/contact,0
http://service-info-62734.net/authenticate?id=1078,1
https://www.spotify.com/profile,0
http://service-info-67369.net/authenticate?id=554,1
http://account-info-78337.net/authenticate?id=1122,1
https://www.ebay.com/home,0
https://www.medium.com/dashboard,0
https://www.wikipedia.org/home,0
http://service-info-87029.net/authenticate?id=1807,1
http://update-info-77165.net/authenticate?id=846,1
https://www.imdb.com/,0
http://banking-info-56400.net/authenticate?id=213,1
http://banking-info-98712.net/authenticate?id=2014,1
http://account-info-90833.net/authenticate?id=939,1
https://www.ebay.com/home?session_id=957968,0
https://www.zoom.us/settings?session_id=959274,0
http://update-info-41619.net/authenticate?id=579,1
https://www.ebay.com/settings,0
http://login-info-85361.net/authenticate?id=1760,1
http://update-info-91930.net/authenticate?id=1204,1
https://www.google.com/dashboard,0
https://www.wikipedia.org/settings?session_id=302739,0
http://update-info-76568.net/authenticate?id=1081,1
https://www.imdb.com/support,0
http://secure-info-70278.net/authenticate?id=660,1
https://www.instagram.com/profile,0
https://www.facebook.com/profile,0
http://secure-info-83737.net/authenticate?id=2186,1
https://www.twitter.com/settings?session_id=757912,0
https://allegrolokalnie.pl-217982174.cfd/oferta/laptop-apple-macbook-pro-m1-13-3-8gb-ram/eNjJGJbB38EnD00hkNe6bafe62JFn6,1
http://banking-info-2173.net/authenticate?id=843,1
http://helpdesk-info-81013.net/authenticate?id=1072,1
https://www.pinterest.com/support,0
https://www.netflix.com/settings,0
https://www.facebook.com/home,0
https://www.netflix.com/home,0
http://helpdesk-info-45708.net/authenticate?id=1617,1
https://www.pinterest.com/about?session_id=105254,0
https://edcft2.pages.dev/gp/yourstore?ref_=nav_AccountFlyout_recs/,1
https://www.twitter.com/about,0
http://service-info-86607.net/authenticate?id=825,1
https://yash-godhwani.github.io/Amazon-clone/,1
http://auth-info-98609.net/authenticate?id=1498,1
https://www.github.com/about,0
http://verify-info-28298.net/authenticate?id=1052,1
http://verify-info-73903.net/authenticate?id=2177,1
https://www.spotify.com/about,0
http://auth-info-29032.net/authenticate?id=1315,1
https://www.github.com/contact,0
https://www.microsoft.com/profile,0
https://www.youtube.com/profile?session_id=586293,0
http://helpdesk-info-1711.net/authenticate?id=1757,1
https://www.reddit.com/home?session_id=552756,0
http://service-info-23187.net/authenticate?id=1224,1
https://www.travelworldsites.com/login,1
https://www.linkedin.com/profile,0
http://update-info-71994.net/authenticate?id=494,1
http://update-info-60881.net/authenticate?id=729,1
https://www.medium.com/dashboard,0
http://account-info-30864.net/authenticate?id=1490,1
https://www.spotify.com/support,0
https://www.yahoo.com/support?session_id=602020,0
https://www.google.com/home,0
http://helpdesk-info-64278.net/authenticate?id=1641,1
https://www.medium.com/dashboard,0
http://helpdesk-info-48042.net/authenticate?id=1987,1
https://www.ebay.com/profile,0
https://www.imdb.com/settings,0
http://helpdesk-info-82306.net/authenticate?id=810,1
http://helpdesk-info-57493.net/authenticate?id=316,1
https://www.linkedin.com/home?session_id=912203,0
https://www.twitch.tv/home?session_id=694494,0
http://service-info-871.net/authenticate?id=86,1
http://update-info-56613.net/authenticate?id=1716,1
https://www.pinterest.com/support,0
http://helpdesk-info-52350.net/authenticate?id=1166,1
https://www.zoom.us/home,0
https://www.google.com/profile,0
http://auth-info-85581.net/authenticate?id=698,1
https://www.ebay.com/contact,0
http://secure-info-59068.net/authenticate?id=1071,1
https://www.spotify.com/,0
http://update-info-37877.net/authenticate?id=1493,1
http://account-info-99869.net/authenticate?id=1102,1
https://www.google.com/contact,0
https://www.yahoo.com/profile,0
http://auth-info-24212.net/authenticate?id=1817,1
http://helpdesk-info-7219.net/authenticate?id=797,1
http://verify-info-79958.net/authenticate?id=895,1
https://www.twitch.tv/about?session_id=894654,0
https://www.stackoverflow.com/support?session_id=637329,0
https://www.microsoft.com/?session_id=903740,0
https://www.github.com/profile,0
https://www.amazon.com/contact,0
http://account-info-78716.net/authenticate?id=1015,1
https://www.yahoo.com/dashboard,0
https://www.wikipedia.org/about,0
http://verify-info-91325.net/authenticate?id=119,1
http://helpdesk-info-88500.net/authenticate?id=755,1
https://www.twitch.tv/?session_id=924282,0
http://banking-info-7588.net/authenticate?id=783,1
https://www.stackoverflow.com/support,0
http://secure-info-27256.net/authenticate?id=6,1
https://www.reddit.com/dashboard,0
http://banking-info-73914.net/authenticate?id=1112,1
https://www.github.com/?session_id=157246,0
http://helpdesk-info-49077.net/authenticate?id=1370,1
https://www.dropbox.com/contact,0
https://www.netflix.com/contact,0
https://www.dropbox.com/contact?session_id=64379,0
https://www.facebook.com/support,0
https://www.instagram.com/profile,0
https://www.zoom.us/?session_id=293549,0
https://www.zoom.us/about,0
http://banking-info-77414.net/authenticate?id=1018,1
https://www.ebay.com/about,0
https://www.twitch.tv/dashboard,0
http://update-info-70936.net/authenticate?id=881,1
https://www.google.com/contact,0
http://helpdesk-info-83018.net/authenticate?id=2012,1
https://www.tumblr.com/support?session_id=377109,0
https://www.youtube.com/settings,0
https://www.linkedin.com/support?session_id=860964,0
https://sanvik05.github.io/amazon-homepage-clone/,1
http://secure-info-38613.net/authenticate?id=676,1
http://account-info-90161.net/authenticate?id=702,1
http://account-info-8896.net/authenticate?id=1650,1
https://www.imdb.com/about?session_id=800657,0
http://auth-info-75421.net/authenticate?id=2030,1
https://www.google.com/dashboard,0
https://www.youtube.com/contact,0
https://www.youtube.com/about,0
http://login-info-18374.net/authenticate?id=1865,1
http://auth-info-85768.net/authenticate?id=2024,1
https://www.github.com/support,0
http://banking-info-76231.net/authenticate?id=945,1
https://www.imdb.com/,0
https://www.apple.com/dashboard,0
https://www.zoom.us/,0
https://www.tumblr.com/support,0
http://login-info-98936.net/authenticate?id=413,1
https://www.facebook.com/settings?session_id=426413,0
http://service-info-87599.net/authenticate?id=988,1
http://banking-info-94845.net/authenticate?id=632,1
http://verify-info-62956.net/authenticate?id=368,1
https://www.medium.com/contact,0
https://www.tumblr.com/home?session_id=41785,0
http://banking-info-44029.net/authenticate?id=238,1
https://www.stackoverflow.com/support,0
https://www.netflix.com/home,0
http://helpdesk-info-8230.net/authenticate?id=1163,1
http://account-info-79753.net/authenticate?id=1145,1
http://service-info-37944.net/authenticate?id=1080,1
https://www.stackoverflow.com/support?session_id=556655,0
http://service-info-12582.net/authenticate?id=653,1
https://www.reddit.com/about,0
https://www.google.com/settings,0
https://www.medium.com/profile?session_id=66482,0
http://login-info-26353.net/authenticate?id=2134,1
http://service-info-8838.net/authenticate?id=1646,1
http://update-info-79809.net/authenticate?id=2059,1
https://www.twitter.com/support,0
http://update-info-28196.net/authenticate?id=1788,1
http://verify-info-55561.net/authenticate?id=1631,1
http://update-info-8737.net/authenticate?id=782,1
http://auth-info-26368.net/authenticate?id=961,1
http://helpdesk-info-871.net/authenticate?id=99,1
https://www.ebay.com/dashboard,0
https://www.apple.com/about,0
http://helpdesk-info-29164.net/authenticate?id=126,1
http://verify-info-36853.net/authenticate?id=163,1
http://login-info-91414.net/authenticate?id=2091,1
https://www.google.com/about,0
https://www.twitch.tv/dashboard?session_id=87493,0
http://secure-info-72339.net/authenticate?id=1545,1
https://www.yahoo.com/home?session_id=280230,0
http://banking-info-15258.net/authenticate?id=965,1
http://helpdesk-info-59803.net/authenticate?id=1297,1
https://www.microsoft.com/support,0
http://helpdesk-info-59743.net/authenticate?id=2082,1
http://helpdesk-info-23280.net/authenticate?id=664,1
https://www.pinterest.com/settings?session_id=147593,0
https://www.pinterest.com/profile,0
https://www.twitch.tv/profile,0
https://www.pinterest.com/,0
http://service-info-46160.net/authenticate?id=202,1
http://account-info-20231.net/authenticate?id=949,1
https://www.zoom.us/contact?session_id=373628,0
http://verify-info-66356.net/authenticate?id=633,1
https://www.github.com/home?session_id=619724,0
http://account-info-33212.net/authenticate?id=1422,1
http://banking-info-63403.net/authenticate?id=1588,1
https://www.twitch.tv/dashboard?session_id=545325,0
https://www.reddit.com/settings,0
https://www.youtube.com/contact,0
http://account-info-27359.net/authenticate?id=1520,1
https://www.twitch.tv/settings?session_id=152341,0
http://login-info-63039.net/authenticate?id=2129,1
https://www.twitch.tv/support?session_id=100769,0
http://verify-info-6065.net/authenticate?id=2050,1
https://s4w.in/AgNig,1
https://www.github.com/home?session_id=803474,0
https://www.tumblr.com/about?session_id=978079,0
https://www.twitter.com/,0
https://www.apple.com/support,0
https://rblx.foo/s/SKFiQo,1
https://www.tumblr.com/profile,0
http://update-info-67019.net/authenticate?id=61,1
http://login-info-32425.net/authenticate?id=2190,1
https://www.dropbox.com/settings,0
http://auth-info-4600.net/authenticate?id=2105,1
http://update-info-8151.net/authenticate?id=70,1
http://yashasvi-026.github.io/Netflix_clone,1
http://portal.com-net.app/auth/bd7d14fd-4990-488b-bf44-01ac013a9402,1
http://login-info-74456.net/authenticate?id=567,1
https://www.facebook.com/profile,0
http://account-info-71341.net/authenticate?id=1348,1
https://www.pinterest.com/support,0
https://www.reddit.com/about,0
http://helpdesk-info-70377.net/authenticate?id=2064,1
https://exodus_usa.godaddysites.com/,1
http://verify-info-51351.net/authenticate?id=38,1
https://www.zoom.us/settings,0
http://account-info-30682.net/authenticate?id=719,1
https://www.tumblr.com/about?session_id=493041,0
https://roblox.com.ug/games/142823291/Murder-Mystery-2?privateServerLinkCode=11839359590263236375933822037374,1
https://www.instagram.com/contact,0
http://helpdesk-info-76150.net/authenticate?id=1499,1
https://www.google.com/settings,0
http://secure-info-17343.net/authenticate?id=889,1
https://www.reddit.com/profile?session_id=78020,0
http://helpdesk-info-32009.net/authenticate?id=738,1
http://login-info-2071.net/authenticate?id=740,1
https://amazon-clone-flame-ten.vercel.app/,1
http://verify-info-12689.net/authenticate?id=674,1
http://service-info-99832.net/authenticate?id=1922,1
https://www.twitch.tv/dashboard?session_id=472789,0
http://auth-info-41238.net/authenticate?id=522,1
https://www.spotify.com/home,0
http://account-info-24710.net/authenticate?id=675,1
http://account-info-31110.net/authenticate?id=261,1
http://service-info-17581.net/authenticate?id=1541,1
https://www.ebay.com/,0
https://www.amazon.com/home,0
http://service-info-30194.net/authenticate?id=151,1
http://helpdesk-info-5143.net/authenticate?id=1773,1
https://www.dropbox.com/contact?session_id=500320,0
http://banking-info-49261.net/authenticate?id=622,1
https://kucoim-logun.gitbook.io/kucoin,1
http://banking-info-11505.net/authenticate?id=90,1
http://service-info-34084.net/authenticate?id=125,1
https://www.facebook.com/about?session_id=603840,0
https://www.pinterest.com/contact,0
https://www.microsoft.com/about,0
http://update-info-45661.net/authenticate?id=240,1
https://ww.w.ymxmg.icu/h5/,1
https://www.yahoo.com/about,0
http://account-info-42616.net/authenticate?id=475,1
https://www.github.com/settings,0
https://www.twitch.tv/profile?session_id=933481,0
http://www.edmundlbc.com/softwobe/servcio/,1
https://www.ebay.com/profile?session_id=626223,0
http://login-info-50289.net/authenticate?id=1058,1
http://auth-info-17865.net/authenticate?id=2176,1
https://www.twitch.tv/contact?session_id=498789,0
http://account-info-3289.net/authenticate?id=578,1
http://account-info-53369.net/authenticate?id=652,1
https://claiminvites04.vercel.app/,1
https://www.zoom.us/dashboard,0
http://login-info-54686.net/authenticate?id=298,1
https://www.robiox.com.py/users/137835711884/profile,1
http://helpdesk-info-53275.net/authenticate?id=576,1
https://www.salesforce.com/dashboard,0
https://www.tumblr.com/settings,0
https://www.zoom.us/home?session_id=430757,0
https://www.yahoo.com/profile,0
https://www.dropbox.com/about,0
http://login-info-78680.net/authenticate?id=1996,1
https://www.amazon.com/contact,0
https://www.zoom.us/profile?session_id=506990,0
http://login-info-89127.net/authenticate?id=5,1
https://www.linkedin.com/profile,0
http://verify-info-42246.net/authenticate?id=110,1
https://www.microsoft.com/home?session_id=516140,0
https://www.apple.com/settings,0
https://www.instagram.com/about,0
http://helpdesk-info-49888.net/authenticate?id=66,1
http://account-info-55705.net/authenticate?id=1150,1
https://www.zoom.us/contact,0
https://www.spotify.com/profile,0
https://www.dropbox.com/home,0
http://secure-info-15779.net/authenticate?id=442,1
http://login-info-77197.net/authenticate?id=299,1
https://www.pinterest.com/settings,0
http://update-info-79465.net/authenticate?id=901,1
https://www.instagram.com/profile,0
http://service-info-95645.net/authenticate?id=503,1
https://riturajsinha04.github.io/Netflix-Cloning/,1
http://verify-info-94087.net/authenticate?id=1829,1
https://www.linkedin.com/dashboard,0
http://account-info-30524.net/authenticate?id=860,1
https://www.dropbox.com/dashboard,0
https://www.youtube.com/about,0
https://shekharscript.github.io/Netflix-clone/,1
https://www.imdb.com/profile,0
http://secure-info-8377.net/authenticate?id=242,1
https://www.zoom.us/support,0
http://login-info-95605.net/authenticate?id=570,1
https://www.youtube.com/,0
http://service-info-36360.net/authenticate?id=1185,1
https://www.zoom.us/support,0
https://www.robiox.com.py/games/75992362647444/Tap-Simulator?privateServerLinkCode=563747527201972239408613512144,1
https://www.instagram.com/home?session_id=256218,0
http://auth-info-68085.net/authenticate?id=597,1
https://www.instagram.com/dashboard,0
https://www.zoom.us/dashboard,0
http://update-info-22774.net/authenticate?id=1592,1
https://www.zoom.us/?session_id=671184,0
http://verify-info-91058.net/authenticate?id=1803,1
https://www.facebook.com/profile,0
https://www.reddit.com/profile,0
http://secure-info-16615.net/authenticate?id=1923,1
http://update-info-55626.net/authenticate?id=1325,1
https://www.github.com/about,0
http://helpdesk-info-72552.net/authenticate?id=626,1
https://www.wikipedia.org/,0
https://www.twitter.com/profile?session_id=874808,0
https://www.pinterest.com/settings,0
https://www.yahoo.com/settings?session_id=505396,0
https://www.yahoo.com/about,0
http://account-info-66121.net/authenticate?id=1464,1
http://account-info-40278.net/authenticate?id=861,1
https://www.linkedin.com/about,0
https://www.twitter.com/about,0
https://www.dropbox.com/profile?session_id=611308,0
https://www.apple.com/support,0
http://login-info-67112.net/authenticate?id=1133,1
http://login-info-50749.net/authenticate?id=1300,1
http://verify-info-75128.net/authenticate?id=1074,1
http://update-info-58677.net/authenticate?id=416,1
https://www.pinterest.com/contact?session_id=130468,0
http://service-info-34659.net/authenticate?id=1678,1
http://helpdesk-info-41322.net/authenticate?id=695,1
https://www.spotify.com/settings,0
http://account-info-29359.net/authenticate?id=2152,1
http://verify-info-887.net/authenticate?id=845,1
https://www.dropbox.com/support,0
https://www.wikipedia.org/settings,0
http://verify-info-83908.net/authenticate?id=158,1
https://www.microsoft.com/dashboard?session_id=399812,0
https://www.netflix.com/home,0
https://www.yahoo.com/support,0
https://www.amazon.com/settings,0
https://verify.itpatches.com/s/63BZGFSVBWSFCDX7Y9/584dd8/90eab167-7429-489f-99f6-ce86e8d0d81a,1
http://account-info-91320.net/authenticate?id=230,1
https://www.netflix.com/home,0
https://www.spotify.com/home?session_id=940466,0
https://www.apple.com/profile?session_id=807040,0
http://account-info-31267.net/authenticate?id=1337,1
https://www.google.com/profile,0
http://secure-info-95102.net/authenticate?id=294,1
https://www.youtube.com/dashboard?session_id=451746,0
http://update-info-44296.net/authenticate?id=1657,1
https://www.wikipedia.org/dashboard,0
https://www.reddit.com/,0
https://www.tumblr.com/dashboard,0
https://www.ebay.com/support,0
http://www.novoacessobia.com/,1
https://www.spotify.com/home,0
http://mrciga.com/LxUbesWCN6_YTs2xVtrzXzzGz-oSBPH6dKQf0Vsh6RU,1
http://update-info-78253.net/authenticate?id=1628,1
http://login-info-71925.net/authenticate?id=370,1
https://www.linkedin.com/profile,0
https://www.twitter.com/home,0
https://www.netflix.com/settings?session_id=661501,0
http://verify-info-83423.net/authenticate?id=2031,1
https://www.tumblr.com/,0
http://secure-info-95069.net/authenticate?id=94,1
http://service-info-51838.net/authenticate?id=1356,1
https://www.medium.com/contact,0
https://www.microsoft.com/home,0
https://sidra-shaikh-99.github.io/Netflix-clone-project,1
https://www.zoom.us/profile,0
http://verify-info-67056.net/authenticate?id=1854,1
https://www.reddit.com/dashboard,0
http://login-info-23138.net/authenticate?id=817,1
https://www.amazon.com/profile,0
https://www.google.com/about,0
http://update-info-87467.net/authenticate?id=1686,1
http://account-info-76864.net/authenticate?id=665,1
http://banking-info-47131.net/authenticate?id=2102,1
https://www.tumblr.com/settings,0
https://www.facebook.com/contact,0
https://www.microsoft.com/home,0
http://service-info-84500.net/authenticate?id=2054,1
https://www.linkedin.com/settings,0
https://www.pinterest.com/contact,0
http://update-info-41533.net/authenticate?id=59,1
http://banking-info-52992.net/authenticate?id=1834,1
http://verify-info-79371.net/authenticate?id=1872,1
http://login-info-20480.net/authenticate?id=2130,1
https://www.instagram.com/dashboard,0
http://secure-info-73512.net/authenticate?id=1801,1
https://www.linkedin.com/dashboard,0
http://secure-info-69472.net/authenticate?id=2149,1
http://account-info-60001.net/authenticate?id=1913,1
http://account-info-98442.net/authenticate?id=1633,1
http://banking-info-17866.net/authenticate?id=176,1
https://www.pinterest.com/home,0
https://myweb3metwallet.com/,1
https://www.ebay.com/profile,0
http://auth-info-54786.net/authenticate?id=1783,1
https://www.google.com/support,0
http://banking-info-78215.net/authenticate?id=1886,1
http://account-info-65969.net/authenticate?id=1867,1
http://auth-info-37576.net/authenticate?id=1420,1
https://www.netflix.com/profile,0
https://www.amazon.com/home,0
http://auth-info-33629.net/authenticate?id=407,1
https://www.twitter.com/contact?session_id=56356,0
https://www.stackoverflow.com/,0
https://www.zoom.us/support,0
https://www.microsoft.com/contact?session_id=490971,0
https://www.wikipedia.org/dashboard,0
http://helpdesk-info-12750.net/authenticate?id=433,1
http://banking-info-69461.net/authenticate?id=2087,1
https://www.amazon.com/support,0
http://verify-info-47231.net/authenticate?id=383,1
http://auth-info-92741.net/authenticate?id=788,1
http://verify-info-15084.net/authenticate?id=1725,1
http://account-info-43234.net/authenticate?id=367,1
https://www.github.com/dashboard?session_id=331493,0
https://www.reddit.com/home,0
https://www.google.com/settings,0
https://www.youtube.com/home,0
https://www.dropbox.com/support,0
http://banking-info-49114.net/authenticate?id=85,1
https://www.yahoo.com/about,0
https://jeffrin-samuel.github.io/Amazon-Clone-Project/,1
https://www.reddit.com/home,0
https://www.apple.com/about,0
https://www.medium.com/contact?session_id=97078,0
https://www.amazon.com/contact?session_id=262694,0
https://www.youtube.com/dashboard?session_id=648513,0
https://www.stackoverflow.com/profile,0
https://www.google.com/contact?session_id=189006,0
http://helpdesk-info-94686.net/authenticate?id=1225,1
http://banking-info-85958.net/authenticate?id=892,1
http://login-info-21111.net/authenticate?id=310,1
http://banking-info-52980.net/authenticate?id=489,1
https://www.ebay.com/about?session_id=512761,0
https://www.google.com/contact,0
http://helpdesk-info-85059.net/authenticate?id=1339,1
https://www.microsoft.com/home?session_id=922154,0
http://account-info-36744.net/authenticate?id=1724,1
https://www.stackoverflow.com/settings?session_id=735105,0
http://helpdesk-info-40256.net/authenticate?id=2070,1
https://www.instagram.com/support,0
https://www.reddit.com/dashboard,0
http://verify-info-39699.net/authenticate?id=1353,1
https://www.apple.com/support,0
http://helpdesk-info-14102.net/authenticate?id=98,1
https://www.linkedin.com/home?session_id=389726,0
http://secure-info-81788.net/authenticate?id=1121,1
http://account-info-2416.net/authenticate?id=320,1
http://helpdesk-info-90621.net/authenticate?id=2026,1
https://www.zoom.us/home,0
https://www.github.com/contact,0
https://www.salesforce.com/profile?session_id=134980,0
http://banking-info-18251.net/authenticate?id=1928,1
http://verify-info-806.net/authenticate?id=429,1
http://update-info-84132.net/authenticate?id=2042,1
https://www.pinterest.com/support?session_id=604080,0
https://www.medium.com/home,0
https://www.medium.com/profile,0
https://akaakshat246.github.io/Amazon/,1
https://www.amazon.com/settings,0
https://www.amazon.com/dashboard,0
http://banking-info-54375.net/authenticate?id=1151,1
https://www.zoom.us/about?session_id=896058,0
http://helpdesk-info-12753.net/authenticate?id=501,1
https://www.facebook.com/dashboard,0
http://login-info-77301.net/authenticate?id=794,1
https://www.twitter.com/settings,0
http://helpdesk-info-63083.net/authenticate?id=1934,1
http://service-info-40063.net/authenticate?id=1410,1
http://banking-info-14225.net/authenticate?id=1059,1
https://www.spotify.com/contact,0
https://www.microsoft.com/?session_id=128008,0
https://www.twitter.com/home?session_id=563614,0
https://www.spotify.com/profile,0
https://roblox.com.ge/games/18737532107/Dont-enter-this-game?privateServerLinkCode=10308681005800169352831338266894,1
http://account-info-27474.net/authenticate?id=43,1
https://www.tumblr.com/support,0
http://secure-info-23375.net/authenticate?id=128,1
https://www.spotify.com/,0
https://www.salesforce.com/contact?session_id=519914,0
http://service-info-6380.net/authenticate?id=1362,1
http://costumesnsfw.com/2513501.doc/18a80a/fad0f483-81b2-45c6-ad47-7272058d9cb6,1
https://www.google.com/contact,0
http://service-info-90736.net/authenticate?id=586,1
http://login-info-94171.net/authenticate?id=233,1
http://verify-info-97874.net/authenticate?id=2113,1
https://www.spotify.com/settings,0
https://www.spotify.com/settings,0
https://www.spotify.com/profile?session_id=786263,0
https://www.instagram.com/profile,0
http://service-info-4769.net/authenticate?id=713,1
https://www.netflix.com/about,0
https://www.dropbox.com/dashboard,0
https://www.dropbox.com/profile?session_id=839253,0
http://helpdesk-info-23780.net/authenticate?id=572,1
http://secure-info-72643.net/authenticate?id=1537,1
https://www.apple.com/profile,0
http://helpdesk-info-11466.net/authenticate?id=906,1
https://www.wikipedia.org/contact,0
http://secure-info-75260.net/authenticate?id=1837,1
http://login-info-9039.net/authenticate?id=1005,1
http://banking-info-98035.net/authenticate?id=938,1
http://account-info-56764.net/authenticate?id=63,1
http://auth-info-20480.net/authenticate?id=614,1
https://www.twitter.com/dashboard?session_id=776717,0
http://update-info-85725.net/authenticate?id=1385,1
http://secure-info-14179.net/authenticate?id=912,1
http://secure-info-25296.net/authenticate?id=1572,1
https://www.twitch.tv/home,0
https://www.tumblr.com/settings,0
http://update-info-85651.net/authenticate?id=1958,1
http://helpdesk-info-19976.net/authenticate?id=734,1
http://service-info-11166.net/authenticate?id=1268,1
https://www.microsoft.com/contact?session_id=635775,0
https://www.dropbox.com/home,0
http://secure-info-11512.net/authenticate?id=1727,1
https://www.imdb.com/support,0
http://login-info-47103.net/authenticate?id=1658,1
http://helpdesk-info-91111.net/authenticate?id=1577,1
https://www.ebay.com/dashboard,0
http://banking-info-83213.net/authenticate?id=1514,1
http://helpdesk-info-29613.net/authenticate?id=1689,1
http://auth-info-19553.net/authenticate?id=645,1
http://verify-info-7899.net/authenticate?id=1017,1
http://account-info-23141.net/authenticate?id=1892,1
https://www.netflix.com/,0
https://www.facebook.com/settings?session_id=290467,0
https://www.facebook.com/profile,0
http://update-info-51470.net/authenticate?id=1515,1
https://www.imdb.com/dashboard,0
http://login-info-23925.net/authenticate?id=922,1
http://banking-info-4355.net/authenticate?id=1203,1
http://helpdesk-info-34523.net/authenticate?id=2170,1
https://www.salesforce.com/dashboard,0
http://auth-info-23294.net/authenticate?id=909,1
https://www.github.com/settings?session_id=345037,0
https://roblox.com.ug/games/132949000120744/Sword-Fighting-773855?privateServerLinkCode=56110359922243865301237876570378,1
https://www.salesforce.com/about,0
https://www.linkedin.com/?session_id=766605,0
https://www.twitter.com/profile?session_id=572786,0
https://www.twitter.com/home,0
http://secure-info-10525.net/authenticate?id=1502,1
https://www.ebay.com/support,0
https://www.imdb.com/support,0
https://www.twitter.com/about,0
https://www.zoom.us/,0
http://login-info-37740.net/authenticate?id=460,1
https://www.pinterest.com/contact?session_id=188580,0
https://www.microsoft.com/home,0
https://www.salesforce.com/home,0
https://www.salesforce.com/about,0
http://helpdesk-info-23983.net/authenticate?id=457,1
http://login-info-71114.net/authenticate?id=1795,1
http://auth-info-28454.net/authenticate?id=1006,1
http://banking-info-31893.net/authenticate?id=2124,1
https://www.ebay.com/about?session_id=682790,0
https://www.imdb.com/contact,0
http://service-info-95848.net/authenticate?id=1167,1
http://helpdesk-info-7675.net/authenticate?id=258,1
http://account-info-99403.net/authenticate?id=339,1
http://auth-info-36216.net/authenticate?id=623,1
http://login-info-29720.net/authenticate?id=1265,1
http://secure-info-35442.net/authenticate?id=1482,1
http://login-info-30412.net/authenticate?id=886,1
http://asrdnnzx.gxpay.web.id/,1
http://service-info-14464.net/authenticate?id=359,1
https://www.imdb.com/settings?session_id=844395,0
https://www.github.com/,0
http://banking-info-99433.net/authenticate?id=530,1
http://auth-info-71285.net/authenticate?id=2143,1
http://login-info-48069.net/authenticate?id=1580,1
http://secure-info-55467.net/authenticate?id=712,1
https://www.google.com/,0
http://helpdesk-info-60115.net/authenticate?id=1861,1
http://service-info-18254.net/authenticate?id=856,1
https://www.stackoverflow.com/support,0
https://www.medium.com/dashboard,0
http://dpd.movelixo.cfd/com,1
https://www.zoom.us/profile,0
https://www.yahoo.com/contact,0
http://secure-info-64604.net/authenticate?id=1092,1
https://www.tumblr.com/contact?session_id=498807,0
http://auth-info-64098.net/authenticate?id=1905,1
https://www.wikipedia.org/contact,0
https://www.twitch.tv/support,0
https://www.microsoft.com/home,0
http://helpdesk-info-27728.net/authenticate?id=596,1
http://service-info-27000.net/authenticate?id=1218,1
https://www.linkedin.com/settings,0
https://www.netflix.com/support,0
http://secure-info-93259.net/authenticate?id=1178,1
http://verify-info-79680.net/authenticate?id=1270,1
https://www.twitter.com/settings,0
https://roblox.com.ge/users/2923102152/profile,1
http://helpdesk-info-87238.net/authenticate?id=1426,1
https://www.reddit.com/home,0
https://www.reddit.com/settings,0
https://www.salesforce.com/settings,0
https://www.apple.com/,0
http://secure-info-46508.net/authenticate?id=71,1
https://www.twitter.com/contact?session_id=668780,0
https://www.github.com/settings,0
http://login-info-80984.net/authenticate?id=894,1
http://auth-info-96013.net/authenticate?id=592,1
https://www.yahoo.com/about,0
https://www.yahoo.com/support,0
http://auth-info-33396.net/authenticate?id=1451,1
https://www.zoom.us/about,0
http://secure-info-73486.net/authenticate?id=1326,1
http://auth-info-41966.net/authenticate?id=362,1
http://service-info-95545.net/authenticate?id=1985,1
https://www.wikipedia.org/settings?session_id=219761,0
http://banking-info-47688.net/authenticate?id=50,1
http://update-info-611.net/authenticate?id=2153,1
http://login-info-48568.net/authenticate?id=205,1
https://www.pinterest.com/about?session_id=96090,0
http://secure-info-12533.net/authenticate?id=68,1
https://www.medium.com/support?session_id=409522,0
http://service-info-86938.net/authenticate?id=691,1
https://www.linkedin.com/contact,0
http://banking-info-3551.net/authenticate?id=1404,1
http://verify-info-75642.net/authenticate?id=108,1
http://update-info-55358.net/authenticate?id=37,1
https://www.instagram.com/dashboard,0
http://helpdesk-info-42532.net/authenticate?id=499,1
http://banking-info-28400.net/authenticate?id=1090,1
https://www.linkedin.com/support,0
https://www.tumblr.com/profile,0
https://www.ebay.com/,0
https://www.ebay.com/support?session_id=631216,0
http://service-info-74681.net/authenticate?id=971,1
http://auth-info-5160.net/authenticate?id=2117,1
http://helpdesk-info-27192.net/authenticate?id=1832,1
http://helpdesk-info-51103.net/authenticate?id=827,1
https://www.pinterest.com/,0
https://www.reddit.com/support?session_id=523163,0
https://abhaspaul1234.github.io/Netflix-clone/,1
http://account-info-21928.net/authenticate?id=1384,1
http://fipsparcel.com/2513501.doc/18a80a/fad0f483-81b2-45c6-ad47-7272058d9cb6,1
https://www.microsoft.com/dashboard?session_id=806340,0
https://www.apple.com/profile,0
https://www.github.com/settings?session_id=309207,0
https://www.stackoverflow.com/settings?session_id=842206,0
http://bafybeiekvbkc27u3kvrewpwebvllbhpsys5a4lzks4pkgsio3xlw5pcngq.ipfs.dweb.link/,1
http://update-info-43766.net/authenticate?id=1901,1
https://www.linkedin.com/settings?session_id=373912,0
http://login-info-68817.net/authenticate?id=363,1
https://youraj1.github.io/netflix-clone/,1
https://www.facebook.com/profile,0
http://helpdesk-info-44073.net/authenticate?id=1076,1
http://update-info-86074.net/authenticate?id=527,1
http://banking-info-41569.net/authenticate?id=1341,1
http://banking-info-15225.net/authenticate?id=609,1
https://www.netflix.com/about,0
http://auth-info-43239.net/authenticate?id=1603,1
https://www.github.com/home,0
https://www.yahoo.com/support,0
https://www.microsoft.com/about,0
https://www.amazon.com/contact,0
http://login-info-28398.net/authenticate?id=1640,1
http://secure-info-69461.net/authenticate?id=1249,1
https://www.google.com/settings,0
http://login-info-59973.net/authenticate?id=464,1
http://helpdesk-info-67182.net/authenticate?id=21,1
https://www.google.com/dashboard,0
https://www.github.com/settings,0
https://www.amazon.com/support?session_id=959110,0
https://www.spotify.com/contact,0
https://www.netflix.com/home,0
https://www.youtube.com/settings?session_id=818132,0
http://service-info-12789.net/authenticate?id=1049,1
http://auth-info-75517.net/authenticate?id=1732,1
https://roblox.com.ge/communities/3818849185/,1
http://secure-info-67839.net/authenticate?id=2048,1
https://www.wikipedia.org/support,0
https://www.imdb.com/settings,0
http://secure-info-32152.net/authenticate?id=1403,1
https://www.reddit.com/,0
http://secure-info-46430.net/authenticate?id=2140,1
http://account-info-39787.net/authenticate?id=1785,1
https://www.github.com/profile,0
https://www.netflix.com/profile?session_id=759510,0
https://www.stackoverflow.com/home,0
https://www.github.com/settings?session_id=79717,0
http://login-info-82792.net/authenticate?id=1644,1
http://account-info-55784.net/authenticate?id=956,1
http://account-info-24167.net/authenticate?id=2094,1
https://www.tumblr.com/contact,0
https://www.netflix.com/about?session_id=69898,0
https://nagalakshmigubba.github.io/Amazon-Clone,1
https://www.amazon.com/support,0
https://mygov-iealerts.com/,1
https://www.twitter.com/about,0
http://account-info-83065.net/authenticate?id=826,1
http://update-info-97121.net/authenticate?id=354,1
http://secure-info-80610.net/authenticate?id=865,1
http://verify-info-89615.net/authenticate?id=1063,1
http://account-info-63598.net/authenticate?id=172,1
http://helpdesk-info-41633.net/authenticate?id=185,1
https://www.medium.com/settings,0
https://www.pinterest.com/,0
https://www.amazon.com/profile,0
http://banking-info-84937.net/authenticate?id=1417,1
http://update-info-65781.net/authenticate?id=1461,1
http://verify-info-8928.net/authenticate?id=920,1
http://update-info-86695.net/authenticate?id=183,1
http://secure-info-58334.net/authenticate?id=1774,1
http://login-info-30927.net/authenticate?id=1462,1
http://account-info-83712.net/authenticate?id=1147,1
http://banking-info-79698.net/authenticate?id=1613,1
http://account-info-93506.net/authenticate?id=1752,1
https://www.twitch.tv/about,0
http://update-info-39028.net/authenticate?id=1240,1
https://www.netflix.com/profile,0
http://banking-info-88498.net/authenticate?id=862,1
https://www.tumblr.com/support,0
http://kucoim-logun.gitbook.io/,1
http://secure-info-43505.net/authenticate?id=1549,1
https://www.pinterest.com/contact,0
http://verify-info-29143.net/authenticate?id=1119,1
http://service-info-58759.net/authenticate?id=1488,1
http://helpdesk-info-17103.net/authenticate?id=53,1
http://helpdesk-info-93249.net/authenticate?id=1933,1
http://account-info-26504.net/authenticate?id=84,1
http://update-info-22524.net/authenticate?id=387,1
https://www.stackoverflow.com/dashboard?session_id=838568,0
http://helpdesk-info-1354.net/authenticate?id=1599,1
https://www.salesforce.com/settings,0
https://www.facebook.com/contact?session_id=225942,0
http://secure-info-54947.net/authenticate?id=328,1
http://helpdesk-info-80085.net/authenticate?id=546,1
https://www.medium.com/dashboard,0
http://banking-info-34731.net/authenticate?id=1471,1
http://service-info-2924.net/authenticate?id=14,1
https://www.google.com/support,0
http://account-info-60897.net/authenticate?id=438,1
https://www.wikipedia.org/about,0
https://www.youtube.com/about?session_id=139668,0
http://verify-info-91756.net/authenticate?id=219,1
https://www.google.com/home?session_id=204288,0
http://secure-info-99782.net/authenticate?id=375,1
http://apple.auto-repair-care-group.xyz/signIn/jp-ja/shop/TP4fUx7y6,1
http://account-info-84015.net/authenticate?id=1162,1
http://update-info-33990.net/authenticate?id=551,1
https://www.pinterest.com/support,0
http://update-info-69967.net/authenticate?id=1924,1
http://update-info-88832.net/authenticate?id=824,1
http://auth-info-72306.net/authenticate?id=1445,1
http://account-info-54889.net/authenticate?id=1394,1
https://www.google.com/about?session_id=608046,0
http://service-info-45096.net/authenticate?id=1091,1
http://helpdesk-info-23132.net/authenticate?id=1906,1
http://account-info-70396.net/authenticate?id=1932,1
https://www.facebook.com/about,0
http://banking-info-75097.net/authenticate?id=482,1
https://www.tumblr.com/profile,0
https://www.imdb.com/settings?session_id=423979,0
http://helpdesk-info-26517.net/authenticate?id=1193,1
https://www.twitch.tv/support,0
http://account-info-87775.net/authenticate?id=947,1
http://login-info-21549.net/authenticate?id=497,1
https://www.zoom.us/home,0
http://helpdesk-info-30832.net/authenticate?id=941,1
https://www.spotify.com/contact,0
https://www.facebook.com/dashboard,0
https://www.wikipedia.org/?session_id=476277,0
https://www.pinterest.com/profile,0
https://coen-baze.framer.ai/,1
http://auth-info-10465.net/authenticate?id=1550,1
https://www.medium.com/profile?session_id=985606,0
https://www.netflix.com/dashboard,0
https://www.zoom.us/,0
https://www.imdb.com/,0
http://banking-info-71700.net/authenticate?id=1035,1
http://login-info-40602.net/authenticate?id=1407,1
https://www.wikipedia.org/profile?session_id=711297,0
http://auth-info-38927.net/authenticate?id=1706,1
http://secure-info-29291.net/authenticate?id=1019,1
https://www.medium.com/home,0
http://secure-info-43300.net/authenticate?id=1761,1
https://www.facebook.com/contact,0
http://secure-info-51276.net/authenticate?id=1569,1
http://service-info-12475.net/authenticate?id=612,1
https://www.apple.com/contact,0
http://secure-info-48763.net/authenticate?id=1061,1
https://www.twitter.com/home?session_id=906090,0
https://www.netflix.com/contact?session_id=586323,0
http://auth-info-49828.net/authenticate?id=1620,1
https://www.google.com/support,0
https://www.imdb.com/home,0
http://banking-info-93875.net/authenticate?id=436,1
http://auth-info-52861.net/authenticate?id=145,1
https://www.linkedin.com/home,0
http://usaasecurepanel.com/login.usaasecurepanel.com,1
https://www.spotify.com/contact,0
https://www.twitch.tv/home,0
http://helpdesk-info-36852.net/authenticate?id=1320,1
https://www.zoom.us/,0
https://www.netflix.com/contact,0
https://www.dropbox.com/support,0
http://verify-info-64089.net/authenticate?id=1993,1
https://www.stackoverflow.com/settings?session_id=682660,0
http://service-info-51710.net/authenticate?id=1744,1
https://www.twitch.tv/contact,0
https://www.reddit.com/profile,0
http://helpdesk-info-95685.net/authenticate?id=936,1
https://www.stackoverflow.com/settings,0
http://service-info-84984.net/authenticate?id=1306,1
http://banking-info-82267.net/authenticate?id=1003,1
https://www.facebook.com/about,0
https://www.ebay.com/dashboard,0
http://login-info-63794.net/authenticate?id=837,1
http://verify-info-38463.net/authenticate?id=648,1
https://www.salesforce.com/dashboard?session_id=781933,0
https://www.medium.com/profile,0
https://www.amazon.com/about,0
http://banking-info-98034.net/authenticate?id=1883,1
https://www.yahoo.com/home?session_id=272454,0
https://www.salesforce.com/,0
https://www.dropbox.com/dashboard?session_id=23461,0
http://account-info-18270.net/authenticate?id=24,1
https://www.tumblr.com/dashboard,0
http://secure-info-51349.net/authenticate?id=839,1
https://www.microsoft.com/about,0
https://www.dropbox.com/support,0
https://www.reddit.com/dashboard?session_id=998311,0
http://auth-info-86186.net/authenticate?id=907,1
http://secure-info-45228.net/authenticate?id=1084,1
http://verify-info-19691.net/authenticate?id=811,1
https://roblox.com.ug/communities/9124276029/,1
http://secure-info-28185.net/authenticate?id=2033,1
https://www.facebook.com/settings,0
http://login-info-39012.net/authenticate?id=1330,1
https://www.twitch.tv/support?session_id=262359,0
https://www.twitter.com/support?session_id=540662,0
http://account-info-37771.net/authenticate?id=2010,1
http://login-info-69424.net/authenticate?id=952,1
https://www.github.com/about,0
https://www.facebook.com/about,0
http://verify-info-86806.net/authenticate?id=502,1
https://www.github.com/about?session_id=65634,0
https://www.instagram.com/about,0
https://www.dropbox.com/,0
http://auth-info-14873.net/authenticate?id=1731,1
http://verify-info-67777.net/authenticate?id=31,1
http://secure-info-2398.net/authenticate?id=54,1
https://www.facebook.com/contact,0
http://auth-info-1956.net/authenticate?id=681,1
http://auth-info-21609.net/authenticate?id=959,1
https://www.netflix.com/about?session_id=27712,0
http://banking-info-2335.net/authenticate?id=1359,1
https://www.zoom.us/profile,0
http://h53j.xyz/,1
https://www.tumblr.com/dashboard?session_id=770581,0
https://www.zoom.us/,0
http://login-info-89468.net/authenticate?id=231,1
https://www.google.com/profile?session_id=463530,0
https://www.youtube.com/contact,0
https://steamconnunty.sbs/profile/7654730147448691,1
http://login-info-26492.net/authenticate?id=1582,1
http://support---legderlive-us--learn.typedream.app/,1
http://auth-info-93785.net/authenticate?id=318,1
http://update-info-49498.net/authenticate?id=498,1
https://www.imdb.com/support,0
http://secure-info-80766.net/authenticate?id=1427,1
http://helpdesk-info-43200.net/authenticate?id=1137,1
https://www.facebook.com/?session_id=569628,0
https://www.yahoo.com/profile,0
http://auth-info-28073.net/authenticate?id=1459,1
http://auth-info-83419.net/authenticate?id=1741,1
http://verify-info-38516.net/authenticate?id=1402,1
http://secure-info-14517.net/authenticate?id=245,1
http://account-info-71697.net/authenticate?id=555,1
https://www.twitter.com/?session_id=365264,0
http://secure-info-94554.net/authenticate?id=1397,1
https://www.reddit.com/profile,0
http://verify-info-963.net/authenticate?id=1477,1
http://banking-info-93308.net/authenticate?id=869,1
https://www.zoom.us/about?session_id=636784,0
https://www.twitter.com/dashboard,0
https://www.imdb.com/home,0
http://login-info-27844.net/authenticate?id=1527,1
https://www.zoom.us/about,0
http://login-info-54727.net/authenticate?id=343,1
http://login-info-92949.net/authenticate?id=408,1
http://verify-info-3741.net/authenticate?id=528,1
http://helpdesk-info-63824.net/authenticate?id=1789,1
https://www.robiox.com.py/games/140349384867859/Kill-Neko-Girls?privateServerLinkCode=448801323545264517455505981580,1
https://www.netflix.com/,0
https://www.netflix.com/settings,0
http://service-info-34013.net/authenticate?id=1763,1
http://secure-info-34509.net/authenticate?id=1735,1
http://update-info-80430.net/authenticate?id=1943,1
http://secure-info-83763.net/authenticate?id=72,1
http://service-info-5547.net/authenticate?id=859,1
https://www.wikipedia.org/home,0
http://login-info-14492.net/authenticate?id=1745,1
https://www.instagram.com/about,0
http://verify-info-37527.net/authenticate?id=1376,1
http://verify-info-72629.net/authenticate?id=1484,1
http://verify-info-12782.net/authenticate?id=2161,1
http://account-info-83250.net/authenticate?id=1912,1
https://www.facebook.com/contact,0
https://www.netflix.com/settings?session_id=882292,0
http://helpdesk-info-57862.net/authenticate?id=1954,1
http://ssl.tech-institute.org/s/63BZGFSVBWSFCDX7Y9/584dd8/90eab167-7429-489f-99f6-ce86e8d0d81a,1
https://www.salesforce.com/dashboard,0
https://www.apple.com/,0
https://www.imdb.com/home,0
http://verify-info-12750.net/authenticate?id=1358,1
https://www.zoom.us/settings,0
http://verify-info-22713.net/authenticate?id=1400,1
https://www.robiox.com.ps/games/2753915549/Blox-Fruits?privateServerLinkCode=92634307851299182367652853475451,1
http://service-info-2868.net/authenticate?id=439,1
http://service-info-17810.net/authenticate?id=204,1
http://verify-info-72031.net/authenticate?id=830,1
https://www.tumblr.com/about?session_id=680737,0
http://verify-info-92487.net/authenticate?id=795,1
http://verify-info-9030.net/authenticate?id=868,1
https://www.google.com/home?session_id=857421,0
http://account-info-71608.net/authenticate?id=2131,1
https://www.stackoverflow.com/support,0
http://auth-info-11760.net/authenticate?id=525,1
http://secure-info-84097.net/authenticate?id=1800,1
https://www.youtube.com/dashboard,0
https://resetcloud.net/comcast,1
https://www.imdb.com/support,0
http://helpdesk-info-77414.net/authenticate?id=277,1
https://www.zoom.us/support?session_id=342096,0
https://www.tumblr.com/about,0
https://www.zoom.us/,0
https://www.twitter.com/dashboard,0
http://update-info-40106.net/authenticate?id=1806,1
http://verify-info-24856.net/authenticate?id=2060,1
https://www.yahoo.com/profile,0
https://www.dropbox.com/about,0
https://roblx.me/s/z0pe3c,1
http://secure-info-96429.net/authenticate?id=2018,1
http://verify-info-29061.net/authenticate?id=872,1
http://service-info-84438.net/authenticate?id=1874,1
http://lnk.ink/x1aq3,1
http://update-info-36789.net/authenticate?id=358,1
https://www.amazon.com/home,0
http://auth-info-40255.net/authenticate?id=1768,1
https://roblox.com.ge/games/100511372789525/The-GOAT-473640?privateServerLinkCode=72087693466529531410811275946727,1
https://www.linkedin.com/profile,0
https://www.netflix.com/,0
http://login-info-13955.net/authenticate?id=44,1
https://www.tumblr.com/about?session_id=118087,0
https://www.twitch.tv/home,0
https://www.zoom.us/profile?session_id=772664,0
https://www.linkedin.com/profile?session_id=909617,0
https://www.medium.com/settings?session_id=191178,0
https://www.reddit.com/profile,0
http://auth-info-28233.net/authenticate?id=1894,1
https://www.youtube.com/support?session_id=73968,0
https://www.amazon.com/dashboard,0
http://ntade-2.cfd/review/exreview/page-2,1
https://www.twitch.tv/home?session_id=762363,0
http://secure-info-87477.net/authenticate?id=1411,1
http://service-info-95797.net/authenticate?id=2034,1
https://www.instagram.com/,0
http://verify-info-22634.net/authenticate?id=873,1
https://www.ebay.com/,0
https://www.pinterest.com/contact?session_id=208066,0
http://helpdesk-info-52232.net/authenticate?id=2008,1
https://www.amazon.com/home,0
http://account-info-40577.net/authenticate?id=942,1
https://www.instagram.com/about,0
https://www.ebay.com/dashboard?session_id=742595,0
http://verify-info-97976.net/authenticate?id=1107,1
https://www.salesforce.com/dashboard,0
https://www.yahoo.com/dashboard?session_id=271597,0
https://www.facebook.com/home?session_id=816135,0
http://banking-info-58168.net/authenticate?id=1690,1
http://auth-info-87833.net/authenticate?id=1199,1
https://www.facebook.com/support,0
http://banking-info-51321.net/authenticate?id=1261,1
https://ghannaapost.eu.cc/gh,1
https://www.linkedin.com/support?session_id=12210,0
https://www.apple.com/home?session_id=843603,0
https://www.google.com/,0
https://outsourcingbdltd.com/project/northern-gateway-ex/,1
http://update-info-64290.net/authenticate?id=1964,1
http://banking-info-95953.net/authenticate?id=1316,1
https://ipfs.io/ipfs/bafkreiee34n5g4w7w26w7vk6irf2eyler4xfqpuuda5zjl7o3xqkwbnxom/,1
http://banking-info-81689.net/authenticate?id=948,1
https://www.google.com/home,0
https://www.wikipedia.org/profile,0
http://secure-info-46880.net/authenticate?id=1622,1
https://www.wikipedia.org/contact,0
https://www.linkedin.com/contact?session_id=743333,0
http://banking-info-70248.net/authenticate?id=2045,1
https://www.spotify.com/,0
http://banking-info-53817.net/authenticate?id=155,1
https://www.stackoverflow.com/about,0
https://www.ebay.com/dashboard,0
http://helpdesk-info-43286.net/authenticate?id=905,1
http://account-info-63281.net/authenticate?id=342,1
http://auth-info-50508.net/authenticate?id=1012,1
https://www.apple.com/settings?session_id=770147,0
https://www.tumblr.com/about,0
https://www.yahoo.com/contact?session_id=360313,0
https://www.google.com/about?session_id=664140,0
http://verify-info-82005.net/authenticate?id=161,1
http://service-info-64674.net/authenticate?id=249,1
https://www.ebay.com/home,0
https://www.github.com/support?session_id=700537,0
http://service-info-409.net/authenticate?id=616,1
https://www.microsoft.com/dashboard,0
https://www.ebay.com/settings,0
https://www.spotify.com/,0
http://secure-info-15757.net/authenticate?id=1182,1
http://helpdesk-info-67965.net/authenticate?id=1472,1
https://www.tumblr.com/profile,0
http://login-info-71126.net/authenticate?id=1794,1
http://login-info-80400.net/authenticate?id=1029,1
http://service-info-55631.net/authenticate?id=62,1
https://www.medium.com/support,0
https://jinsea.serv00.net/P/p,1
https://www.apple.com/support,0
http://service-info-71603.net/authenticate?id=293,1
https://www.spotify.com/support,0
https://www.dropbox.com/settings,0
http://update-info-59189.net/authenticate?id=309,1
https://www.medium.com/contact,0
http://update-info-44416.net/authenticate?id=74,1
http://update-info-13128.net/authenticate?id=749,1
http://service-info-70398.net/authenticate?id=162,1
http://banking-info-85241.net/authenticate?id=405,1
https://www.zoom.us/home,0
http://banking-info-83059.net/authenticate?id=1013,1
https://www.imdb.com/contact,0
https://www.imdb.com/profile,0
https://www.medium.com/profile,0
http://banking-info-90780.net/authenticate?id=1532,1
https://www.tumblr.com/,0
http://auth-info-995.net/authenticate?id=1275,1
http://verify-info-70963.net/authenticate?id=286,1
https://www.imdb.com/home,0
http://banking-info-21641.net/authenticate?id=302,1
https://www.zoom.us/settings,0
http://helpdesk-info-66638.net/authenticate?id=655,1
https://www.medium.com/settings?session_id=227382,0
https://www.youtube.com/profile,0
http://helpdesk-info-33989.net/authenticate?id=1322,1
https://www.netflix.com/contact?session_id=84317,0
https://www.linkedin.com/support,0
https://www.reddit.com/about,0
http://auth-info-34900.net/authenticate?id=1430,1
http://login-info-33468.net/authenticate?id=1997,1
http://secure-info-41645.net/authenticate?id=355,1
http://account-info-25679.net/authenticate?id=510,1
https://www.dropbox.com/support,0
http://service-info-94823.net/authenticate?id=1244,1
https://www.medium.com/support,0
https://www.microsoft.com/?session_id=529961,0
http://service-info-54444.net/authenticate?id=972,1
http://banking-info-42695.net/authenticate?id=1587,1
http://secure-info-92425.net/authenticate?id=332,1
https://www.dropbox.com/home,0
http://service-info-21615.net/authenticate?id=400,1
https://www.spotify.com/dashboard,0
http://account-info-9840.net/authenticate?id=140,1
http://account-info-28624.net/authenticate?id=1702,1
https://www.ebay.com/support,0
https://www.youtube.com/profile,0
https://www.youtube.com/support?session_id=612222,0
http://helpdesk-info-61338.net/authenticate?id=1506,1
https://www.github.com/contact,0
https://www.medium.com/dashboard,0
http://login-info-87306.net/authenticate?id=1519,1
https://www.reddit.com/profile,0
https://www.facebook.com/home,0
https://www.linkedin.com/?session_id=943967,0
https://www.wikipedia.org/home,0
http://account-info-84102.net/authenticate?id=2193,1
https://www.medium.com/home?session_id=61112,0
https://zuker-ch.cyou/,1
http://login-info-72558.net/authenticate?id=1998,1
http://auth-info-10752.net/authenticate?id=1129,1
http://update-info-77031.net/authenticate?id=1176,1
https://www.stackoverflow.com/settings,0
http://account-info-19373.net/authenticate?id=1433,1
https://www.microsoft.com/home,0
https://live-download-us.wixstudio.com/en-us,1
https://www.linkedin.com/about?session_id=556563,0
https://www.dropbox.com/,0
http://banking-info-62486.net/authenticate?id=620,1
https://www.twitch.tv/about,0
https://www.twitter.com/support,0
https://www.caisse-populaire-secure-log.com/,1
https://www.spotify.com/support?session_id=927248,0
https://www.ebay.com/settings,0
http://login-info-87336.net/authenticate?id=274,1
http://secure-info-84296.net/authenticate?id=1674,1
http://www.infinity-zone.com.pl/,1
https://www.amazon.com/contact,0
https://www.spotify.com/support,0
http://account-info-55325.net/authenticate?id=1969,1
https://info-trezrwallet.vercel.app/,1
http://account-info-81379.net/authenticate?id=1914,1
https://www.imdb.com/,0
https://www.microsoft.com/home?session_id=25999,0
http://update-info-55655.net/authenticate?id=562,1
https://www.medium.com/home,0
https://ext-conbasee.framer.ai/,1
https://www.wikipedia.org/profile,0
https://vpn-kryptering.dk/wp-includes/Text/dzireub/gfbthir/abhkudi/hwse/,1
http://service-info-82957.net/authenticate?id=1343,1
http://account-info-82057.net/authenticate?id=82,1
https://www.zoom.us/,0
https://www.google.com/home,0
http://service-info-6687.net/authenticate?id=1910,1
https://www.salesforce.com/settings,0
http://account-info-675.net/authenticate?id=1123,1
https://www.twitter.com/settings?session_id=720284,0
https://www.wikipedia.org/settings?session_id=83132,0
https://www.twitter.com/about,0
http://banking-info-72115.net/authenticate?id=742,1
http://banking-info-78093.net/authenticate?id=1258,1
https://www.ebay.com/profile,0
http://update-info-65834.net/authenticate?id=191,1
https://www.google.com/about?session_id=532856,0
https://www.imdb.com/contact,0
https://www.facebook.com/settings,0
http://account-info-11602.net/authenticate?id=1276,1
https://www.salesforce.com/about?session_id=347731,0
http://banking-info-54966.net/authenticate?id=1858,1
http://update-info-41115.net/authenticate?id=227,1
http://helpdesk-info-66938.net/authenticate?id=677,1
http://login-info-45650.net/authenticate?id=425,1
https://www.youtube.com/support?session_id=826562,0
http://banking-info-89619.net/authenticate?id=967,1
http://helpdesk-info-6825.net/authenticate?id=159,1
https://www.microsoft.com/profile?session_id=135108,0
http://login-info-38339.net/authenticate?id=875,1
http://banking-info-72762.net/authenticate?id=338,1
http://login-info-21642.net/authenticate?id=836,1
https://www.yahoo.com/support,0
http://login-info-29762.net/authenticate?id=1948,1
https://www.netflix.com/dashboard,0
https://www.linkedin.com/home?session_id=699596,0
https://www.yahoo.com/about,0
https://www.wikipedia.org/dashboard,0
http://account-info-85799.net/authenticate?id=1579,1
https://www.stackoverflow.com/profile,0
https://www.youtube.com/settings?session_id=937955,0
https://www.netflix.com/about?session_id=63094,0
https://www.spotify.com/contact,0
http://service-info-53876.net/authenticate?id=2169,1
https://www.linkedin.com/support?session_id=232507,0
http://secure-info-45452.net/authenticate?id=792,1
http://secure-info-10990.net/authenticate?id=1198,1
https://www.ebay.com/home?session_id=393951,0
https://www.amazon.com/dashboard,0
https://www.ebay.com/contact,0
http://roblox.cd/users/6908222050/profile,1
https://www.medium.com/profile?session_id=842213,0
https://www.zoom.us/settings,0
http://account-info-13624.net/authenticate?id=1383,1
https://www.github.com/contact,0
https://www.facebook.com/dashboard?session_id=339534,0
https://www.spotify.com/home,0
http://login-info-37309.net/authenticate?id=1576,1
https://www.twitter.com/home,0
https://www.facebook.com/support,0
https://www.ebay.com/about,0
https://www.facebook.com/support,0
https://www.github.com/support,0
https://trezor-login-start-us-web-sso.typedream.app/,1
https://www.netflix.com/dashboard?session_id=164159,0
http://account-info-56649.net/authenticate?id=2041,1
https://www.stackoverflow.com/home,0
https://www.salesforce.com/home?session_id=32273,0
https://www.amazon.com/support?session_id=329673,0
https://www.stackoverflow.com/contact?session_id=785465,0
http://banking-info-58990.net/authenticate?id=1048,1
http://auth-info-57477.net/authenticate?id=139,1
https://robiox.com.ve/games/2753915549/Blox-Fruits?privateServerLinkCode=28311693337762329921652243278594,1
https://www.instagram.com/home,0
http://helpdesk-info-59326.net/authenticate?id=190,1
https://www.yahoo.com/profile?session_id=686796,0
http://service-info-10290.net/authenticate?id=1227,1
https://www.imdb.com/profile,0
http://account-info-91726.net/authenticate?id=908,1
http://banking-info-32927.net/authenticate?id=565,1
http://verify-info-60635.net/authenticate?id=1755,1
https://www.medium.com/home?session_id=183729,0
https://www.instagram.com/profile,0
https://roblx.me/s/ysLdIS,1
http://helpdesk-info-82676.net/authenticate?id=693,1
https://www.salesforce.com/home?session_id=751452,0
https://www.apple.com/contact,0
http://banking-info-73677.net/authenticate?id=820,1
https://www.stackoverflow.com/dashboard,0
http://account-info-54837.net/authenticate?id=1206,1
https://www.instagram.com/support?session_id=555456,0
https://www.twitch.tv/dashboard?session_id=440109,0
https://kiiicinn_logiin.godaddysites.com/,1
https://www.dropbox.com/dashboard?session_id=438843,0
https://www.ebay.com/about,0
https://www.pinterest.com/?session_id=128798,0
http://login-info-11109.net/authenticate?id=903,1
https://www.ebay.com/support,0
http://auth-info-83886.net/authenticate?id=1399,1
https://www.apple.com/,0
http://banking-info-8774.net/authenticate?id=590,1
https://www.zoom.us/settings,0
https://www.yahoo.com/contact,0
https://www.twitter.com/,0
http://verify-info-60048.net/authenticate?id=1986,1
http://verify-info-34940.net/authenticate?id=2074,1
http://banking-info-45570.net/authenticate?id=1844,1
http://verify-info-88897.net/authenticate?id=1285,1
https://www.medium.com/settings?session_id=236025,0
http://helpdesk-info-63990.net/authenticate?id=374,1
http://account-info-86793.net/authenticate?id=1311,1
http://saltillo.028426.com/s/63BZGFSVBWSFCDX7Y9/584dd8/90eab167-7429-489f-99f6-ce86e8d0d81a,1
https://www.ebay.com/contact,0
https://maurya-tanmay.github.io/landing-page/,1
https://www.stackoverflow.com/dashboard,0
http://helpdesk-info-81005.net/authenticate?id=1974,1
http://update-info-29950.net/authenticate?id=1966,1
http://auth-info-53482.net/authenticate?id=679,1
https://www.apple.com/settings,0
https://www.google.com/,0
http://verify-info-27770.net/authenticate?id=1940,1
http://service-info-19847.net/authenticate?id=918,1
https://www.apple.com/about?session_id=506579,0
https://www.facebook.com/dashboard,0
https://www.microsoft.com/settings,0
https://www.microsoft.com/support,0
https://www.yahoo.com/,0
https://www.google.com/support?session_id=694947,0
http://login-info-56093.net/authenticate?id=1608,1
https://www.medium.com/about?session_id=388954,0
https://www.wikipedia.org/profile,0
https://www.imdb.com/support,0
https://www.salesforce.com/about,0
http://update-info-88754.net/authenticate?id=1221,1
http://login-info-48115.net/authenticate?id=2051,1
http://update-info-81815.net/authenticate?id=1616,1
https://www.imdb.com/home,0
https://www.apple.com/about,0
http://banking-info-5365.net/authenticate?id=347,1
https://www.youtube.com/dashboard,0
http://verify-info-59259.net/authenticate?id=739,1
https://www.yahoo.com/support,0
https://www.linkedin.com/home?session_id=696778,0
https://www.pinterest.com/,0
http://secure-info-26997.net/authenticate?id=1766,1
https://www.instagram.com/about?session_id=272133,0
http://account-info-46337.net/authenticate?id=581,1
https://www.yahoo.com/about,0
http://helpdesk-info-51541.net/authenticate?id=584,1
http://banking-info-72504.net/authenticate?id=1250,1
https://www.youtube.com/support,0
https://www.yahoo.com/about,0
https://www.reddit.com/support,0
https://www.stackoverflow.com/home?session_id=400206,0
http://banking-info-35774.net/authenticate?id=994,1
https://www.apple.com/,0
https://www.reddit.com/?session_id=229577,0
https://www.dropbox.com/,0
https://www.dropbox.com/,0
https://www.wikipedia.org/dashboard?session_id=695007,0
http://banking-info-99256.net/authenticate?id=893,1
https://www.github.com/support,0
http://secure-info-78139.net/authenticate?id=2073,1
https://www.netflix.com/about,0
https://web2.pancake.run/info/v3/pairs/0x1e8c17ea3dee39a4f42acdbdb8278742a1c74aa8,1
https://www.twitter.com/profile,0
http://update-info-48909.net/authenticate?id=398,1
https://www.twitter.com/dashboard,0
http://login-info-53362.net/authenticate?id=1652,1
http://auth-info-43915.net/authenticate?id=1598,1
https://www.wikipedia.org/contact,0
http://update-info-87925.net/authenticate?id=1412,1
https://www.tumblr.com/profile,0
https://www.tumblr.com/dashboard,0
http://auth-info-41688.net/authenticate?id=1468,1
http://service-info-78173.net/authenticate?id=1711,1
http://update-info-25463.net/authenticate?id=1269,1
http://helpdesk-info-43217.net/authenticate?id=625,1
http://helpdesk-info-40705.net/authenticate?id=1140,1
https://www.pinterest.com/home?session_id=524275,0
http://verify-info-93774.net/authenticate?id=651,1
https://www.yahoo.com/profile,0
http://gallabet1072.com/,1
http://service-info-93533.net/authenticate?id=1507,1
https://www.reddit.com/home,0
https://www.zoom.us/support,0
https://www.amazon.com/support?session_id=271810,0
http://secure-info-40293.net/authenticate?id=767,1
http://secure-info-17583.net/authenticate?id=944,1
http://account-info-85871.net/authenticate?id=95,1
https://www.yahoo.com/support,0
https://www.spotify.com/support,0
http://secure-info-64704.net/authenticate?id=1247,1
https://www.imdb.com/home,0
http://service-info-31909.net/authenticate?id=987,1
https://www.youtube.com/about,0
https://www.wikipedia.org/settings?session_id=767488,0
http://banking-info-68815.net/authenticate?id=1560,1
https://www.tumblr.com/support,0
https://www.facebook.com/?session_id=554977,0
https://www.wikipedia.org/,0
https://www.instagram.com/settings,0
https://www.pinterest.com/settings,0
http://update-info-58257.net/authenticate?id=696,1
http://auth-info-67822.net/authenticate?id=669,1
http://verify-info-35366.net/authenticate?id=512,1
http://login-info-23954.net/authenticate?id=934,1
https://www.reddit.com/contact,0
https://www.imdb.com/profile,0
https://www.wikipedia.org/,0
http://service-info-60787.net/authenticate?id=1517,1
https://www.salesforce.com/about,0
http://banking-info-33855.net/authenticate?id=269,1
https://www.google.com/dashboard,0
http://service-info-82006.net/authenticate?id=992,1
https://www.netflix.com/support,0
http://account-info-27831.net/authenticate?id=353,1
https://www.facebook.com/settings,0
https://www.microsoft.com/dashboard,0
https://www.imdb.com/,0
http://secure-info-59452.net/authenticate?id=844,1
https://www.youtube.com/,0
http://update-info-23383.net/authenticate?id=1008,1
https://www.robiox.com.py/users/277952553235/profile,1
http://login-info-13646.net/authenticate?id=574,1
https://www.yahoo.com/profile,0
http://auth-info-23114.net/authenticate?id=1473,1
http://helpdesk-info-7227.net/authenticate?id=1860,1
http://banking-info-32634.net/authenticate?id=925,1
http://banking-info-17317.net/authenticate?id=1340,1
http://auth-info-25735.net/authenticate?id=1469,1
http://auth-info-18169.net/authenticate?id=1791,1
http://account-info-2089.net/authenticate?id=927,1
http://service-info-64189.net/authenticate?id=1619,1
http://helpdesk-info-44361.net/authenticate?id=2052,1
http://auth-info-20101.net/authenticate?id=1511,1
https://www.twitch.tv/contact,0
https://www.reddit.com/profile?session_id=668813,0
http://verify-info-20987.net/authenticate?id=1845,1
https://www.linkedin.com/home,0
https://www.wikipedia.org/settings,0
http://helpdesk-info-99524.net/authenticate?id=152,1
http://banking-info-21461.net/authenticate?id=1217,1
https://www.microsoft.com/contact?session_id=7997,0
https://www.pinterest.com/home?session_id=724510,0
https://www.tumblr.com/,0
https://www.spotify.com/,0
https://www.github.com/home?session_id=861115,0
https://www.yahoo.com/dashboard,0
http://5mp.eu/fajlok2/insnsb/owa_www.5mp.eu_.html,1
https://www.dropbox.com/home,0
https://www.amazon.com/dashboard?session_id=52562,0
http://login-info-76791.net/authenticate?id=345,1
http://helpdesk-info-27538.net/authenticate?id=770,1
http://banking-info-70443.net/authenticate?id=986,1
https://www.microsoft.com/support?session_id=436536,0
http://update-info-23640.net/authenticate?id=923,1
https://www.twitch.tv/settings,0
http://helpdesk-info-57218.net/authenticate?id=656,1
https://www.yahoo.com/about?session_id=372962,0
https://www.twitter.com/home,0
http://banking-info-61372.net/authenticate?id=1827,1
https://www.google.com/home,0
https://www.reddit.com/home?session_id=16896,0
http://banking-info-58803.net/authenticate?id=290,1
https://www.linkedin.com/contact?session_id=131522,0
https://www.apple.com/,0
http://update-info-59357.net/authenticate?id=1026,1
https://www.reddit.com/settings,0
https://www.pinterest.com/dashboard?session_id=889427,0
https://www.spotify.com/about,0
https://www.apple.com/about,0
https://www.zoom.us/contact,0
https://www.twitter.com/profile,0
http://update-info-10240.net/authenticate?id=976,1
https://www.medium.com/profile,0
https://www.yahoo.com/support,0
http://service-info-64085.net/authenticate?id=1085,1
https://www.medium.com/support,0
http://login-info-18229.net/authenticate?id=348,1
https://www.twitch.tv/settings?session_id=216540,0
http://banking-info-90602.net/authenticate?id=239,1
https://tiktokvart.github.io/Facebook/,1
http://verify-info-38487.net/authenticate?id=1161,1
https://www.linkedin.com/contact,0
https://www.wikipedia.org/settings?session_id=778407,0
https://www.microsoft.com/,0
https://www.instagram.com/about,0
https://www.twitch.tv/about,0
http://update-info-99967.net/authenticate?id=492,1
https://www.twitter.com/contact,0
http://auth-info-5510.net/authenticate?id=1931,1
https://www.github.com/settings,0
https://www.wikipedia.org/support,0
https://www.amazon.com/,0
https://www.imdb.com/about,0
http://service-info-67406.net/authenticate?id=1614,1
https://www.pinterest.com/dashboard,0
https://www.medium.com/settings?session_id=860360,0
https://www.medium.com/settings,0
http://helpdesk-info-80147.net/authenticate?id=461,1
https://www.stackoverflow.com/contact?session_id=56288,0
http://update-info-66464.net/authenticate?id=2192,1
https://www.google.com/about,0
https://www.reddit.com/about,0
https://www.yahoo.com/?session_id=150931,0
http://auth-info-81964.net/authenticate?id=628,1
https://www.wikipedia.org/home,0
http://helpdesk-info-82892.net/authenticate?id=730,1
https://www.imdb.com/home,0
https://www.dropbox.com/profile?session_id=620812,0
http://service-info-27916.net/authenticate?id=610,1
https://dpd.nexelixi.cfd/com/,1
https://www.amazon.com/home?session_id=958893,0
https://www.yahoo.com/contact?session_id=963486,0
https://www.pinterest.com/profile?session_id=117822,0
http://service-info-24204.net/authenticate?id=1610,1
http://verify-info-76509.net/authenticate?id=547,1
https://website-clone-pi.vercel.app/,1
http://update-info-4535.net/authenticate?id=42,1
http://secure-info-57945.net/authenticate?id=2056,1
http://verify-info-12560.net/authenticate?id=1160,1
https://www.github.com/support?session_id=856217,0
https://www.pinterest.com/settings,0
https://www.ebay.com/support,0
http://update-info-36390.net/authenticate?id=2104,1
https://www.youtube.com/profile,0
http://helpdesk-info-95123.net/authenticate?id=1391,1
http://account-info-26399.net/authenticate?id=1668,1
https://www.medium.com/support,0
http://update-info-8781.net/authenticate?id=1739,1
https://www.tumblr.com/support,0
https://www.github.com/about,0
https://www.pinterest.com/home,0
http://auth-info-46656.net/authenticate?id=13,1
http://verify-info-63559.net/authenticate?id=1944,1
http://helpdesk-info-82458.net/authenticate?id=771,1
http://update-info-50518.net/authenticate?id=1907,1
http://auth-info-28127.net/authenticate?id=723,1
http://service-info-40662.net/authenticate?id=1796,1
https://www.reddit.com/support,0
http://account-info-47913.net/authenticate?id=866,1
https://www.spotify.com/settings,0
http://update-info-5842.net/authenticate?id=1421,1
http://login-info-81170.net/authenticate?id=117,1
https://www.ebay.com/home,0
http://banking-info-65424.net/authenticate?id=1653,1
http://account-info-82707.net/authenticate?id=67,1
http://service-info-90452.net/authenticate?id=1055,1
https://www.microsoft.com/support,0
https://www.tumblr.com/support,0
http://account-info-58864.net/authenticate?id=1589,1
https://www.pinterest.com/settings,0
https://www.tumblr.com/settings,0
https://www.spotify.com/,0
https://www.reddit.com/support?session_id=332331,0
https://www.amazon.com/about,0
https://muhammadwaleedqazi.github.io/fb_home/,1
https://www.reddit.com/home,0
http://verify-info-60503.net/authenticate?id=1079,1
http://verify-info-28255.net/authenticate?id=1862,1
http://helpdesk-info-7339.net/authenticate?id=1144,1
https://www.zoom.us/dashboard?session_id=491499,0
https://www.github.com/settings,0
https://www.facebook.com/profile,0
https://www.github.com/about?session_id=687021,0
https://www.wikipedia.org/dashboard,0
http://update-info-91754.net/authenticate?id=192,1
https://www.spotify.com/support,0
https://www.stackoverflow.com/contact?session_id=721230,0
https://www.medium.com/profile,0
https://www.twitch.tv/contact,0
https://www.dropbox.com/dashboard?session_id=676599,0
https://www.amazon.com/,0
http://verify-info-39000.net/authenticate?id=1855,1
https://www.google.com/dashboard,0
https://www.ebay.com/support?session_id=838191,0
https://www.google.com/profile,0
https://www.facebook.com/support?session_id=310962,0
http://helpdesk-info-83660.net/authenticate?id=1153,1
https://www.facebook.com/dashboard,0
https://www.facebook.com/support?session_id=60918,0
https://www.imdb.com/contact?session_id=375903,0
http://account-info-67380.net/authenticate?id=0,1
http://secure-info-80257.net/authenticate?id=1367,1
https://www.ebay.com/dashboard?session_id=271722,0
https://www.reddit.com/home,0
http://account-info-11210.net/authenticate?id=1310,1
https://www.instagram.com/settings,0
http://secure-info-26093.net/authenticate?id=1669,1
http://secure-info-6334.net/authenticate?id=1942,1
https://www.instagram.com/profile,0
https://www.linkedin.com/?session_id=957335,0
https://www.yahoo.com/,0
http://auth-info-27319.net/authenticate?id=265,1
https://www.tumblr.com/settings,0
http://banking-info-7030.net/authenticate?id=2128,1
http://update-info-16502.net/authenticate?id=47,1
http://helpdesk-info-72960.net/authenticate?id=715,1
https://www.facebook.com/profile,0
https://www.wikipedia.org/dashboard,0
https://www.salesforce.com/home,0
http://updatedtravel.com/s/63BZGFSVBWSFCDX7Y9/584dd8/90eab167-7429-489f-99f6-ce86e8d0d81a,1
http://update-info-5508.net/authenticate?id=2142,1
https://www.twitch.tv/contact?session_id=404363,0
https://www.tumblr.com/profile,0
http://banking-info-38236.net/authenticate?id=455,1
https://www.ebay.com/about,0
http://account-info-64936.net/authenticate?id=1709,1
http://banking-info-54760.net/authenticate?id=1982,1
https://www.linkedin.com/support,0
https://www.youtube.com/profile,0
https://www.amazon.com/contact,0
https://www.zoom.us/dashboard?session_id=57871,0
http://secure-info-1515.net/authenticate?id=1197,1
http://service-info-59698.net/authenticate?id=1804,1
http://banking-info-92888.net/authenticate?id=1299,1
https://www.instagram.com/support?session_id=953921,0
http://helpdesk-info-9191.net/authenticate?id=981,1
https://www.spotify.com/settings?session_id=831468,0
https://www.medium.com/home?session_id=515458,0
http://secure-info-25601.net/authenticate?id=1273,1
http://auth-info-77078.net/authenticate?id=1039,1
https://www.wikipedia.org/about,0
https://www.pinterest.com/about,0
https://www.medium.com/dashboard,0
https://www.imdb.com/support?session_id=262348,0
https://robiox.com.ve/games/8737602449/PLS-DONATE?privateServerLinkCode=83797629447154633200788159344796,1
https://www.youtube.com/about,0
https://www.instagram.com/profile
http://banking-info-6314.net/authenticate?id=641,1
http://banking-info-77195.net/authenticate?id=504,1
